Program,Focus Area,Application Deadline,Program Start Date,Age/Grade/Qualification,Link,State,,,,,,,,,,,,,,,,,,,
Google STEP Internship,Computer Science,Typically Fall,Summer,Undergraduate students,https://buildyourfuture.withgoogle.com/programs/step/,Various,,,,,,,,,,,,,,,,,,,
NASA Internship Program,Space & STEM,Various,Various,High school to graduate students,https://intern.nasa.gov/,Various,,,,,,,,,,,,,,,,,,,
Goldman Sachs Summer Analyst Program,Finance,Typically Fall,Summer,Undergraduate/Graduate students,https://www.goldmansachs.com/careers/students/programs/,Various,,,,,,,,,,,,,,,,,,,
Apple Internship Program,Technology,Various,Various,Undergraduate/Graduate students,https://www.apple.com/careers/us/students.html,California,,,,,,,,,,,,,,,,,,,
Microsoft Internship Program,Technology,Typically Fall,Summer,Undergraduate/Graduate students,https://careers.microsoft.com/v2/global/en/programs/students.html,Various,,,,,,,,,,,,,,,,,,,
Deloitte Internship Program,Consulting,Typically Fall,Summer,Undergraduate/Graduate students,https://www2.deloitte.com/us/en/careers/students.html,Various,,,,,,,,,,,,,,,,,,,
Amazon Internship Program,Technology & Business,Various,Various,Undergraduate/Graduate students,https://www.amazon.jobs/en/teams/internships-for-students,Various,,,,,,,,,,,,,,,,,,,
Facebook University (Meta),Technology,Typically Fall,Summer,Undergraduate students,https://www.metacareers.com/careerprograms/students/,Various,,,,,,,,,,,,,,,,,,,
JPMorgan Chase Summer Analyst Program,Finance,Typically Fall,Summer,Undergraduate students,https://careers.jpmorgan.com/us/en/students/programs,Various,,,,,,,,,,,,,,,,,,,
Procter & Gamble Internship,"Business, Engineering",Varies,Summer,Undergraduate/Graduate,https://www.pgcareers.com/students,Various,,,,,,,,,,,,,,,,,,,
CIA Undergraduate Internship Program,"Intelligence, Various",Typically a year in advance,Summer,Undergraduate students,https://www.cia.gov/careers/student-programs/,Virginia,,,,,,,,,,,,,,,,,,,
Boeing Internship Program,"Aerospace, Engineering",Fall for summer internships,Summer,Undergraduate/Graduate,https://jobs.boeing.com/internships,Various,,,,,,,,,,,,,,,,,,,
Pfizer Summer Student Worker Program,"Pharmaceuticals, Science",Early Spring,Summer,Undergraduate/Graduate,https://careers.pfizer.com/en/students-and-graduates,Various,,,,,,,,,,,,,,,,,,,
NBCUniversal Campus 2 Career Internship Program,"Media, Entertainment",Fall for summer internships,Summer,Undergraduate students,https://www.nbcunicareers.com/programs/campus-2-career,Various,,,,,,,,,,,,,,,,,,,
SpaceX Internship Program,"Aerospace, Engineering",Rolling,Various,Undergraduate/Graduate,https://www.spacex.com/careers/index.html,"California, Texas",,,,,,,,,,,,,,,,,,,
Coca-Cola Internship Program,"Business, Marketing",Varies,Various,Undergraduate/Graduate,https://www.coca-colacompany.com/careers/career-areas,Georgia,,,,,,,,,,,,,,,,,,,
IBM Internship Program,"Technology, Business",Various,Various,Undergraduate/Graduate,https://www.ibm.com/employment/internships/,Various,,,,,,,,,,,,,,,,,,,
PwC Internships,"Accounting, Consulting",Fall for summer internships,Summer,Undergraduate/Graduate,https://www.pwc.com/us/en/careers/entry-level/internships.html,Various,,,,,,,,,,,,,,,,,,,
Johnson & Johnson Internship Program,"Healthcare, Business",Fall for summer internships,Summer,Undergraduate/Graduate,https://www.careers.jnj.com/internship,Various,,,,,,,,,,,,,,,,,,,
Lockheed Martin Internship Program,"Aerospace, Engineering",Fall for summer internships,Summer,Undergraduate/Graduate,https://www.lockheedmartinjobs.com/college-students,Various,,,,,,,,,,,,,,,,,,,
Accenture Internship Program,"Consulting, Technology",Various,Various,Undergraduate/Graduate,https://www.accenture.com/us-en/careers/students-graduates,Various,,,,,,,,,,,,,,,,,,,
Ford Motor Company Internship Program,"Automotive, Engineering",Fall for summer internships,Summer,Undergraduate/Graduate,https://corporate.ford.com/careers/programs/students-and-recent-graduates.html,Michigan,,,,,,,,,,,,,,,,,,,
General Electric Internship Program,"Engineering, Business",Various,Various,Undergraduate/Graduate,https://jobs.gecareers.com/global/en/students,Various,,,,,,,,,,,,,,,,,,,
Tesla Internship Program,"Automotive, Engineering",Rolling,Various,Undergraduate/Graduate,https://www.tesla.com/careers/internships,California,,,,,,,,,,,,,,,,,,,
Chevron Internship Program,"Energy, Engineering",Fall for summer internships,Summer,Undergraduate/Graduate,https://careers.chevron.com/internship,Various,,,,,,,,,,,,,,,,,,,
Adobe Internship Program,"Technology, Design",Fall for summer internships,Summer,Undergraduate/Graduate,https://www.adobe.com/careers/university/internships.html,Various,,,,,,,,,,,,,,,,,,,
National Institutes of Health (NIH) Internship,Biomedical Research,Various,Various,High School to Post-baccalaureate,https://www.training.nih.gov/programs,Maryland,,,,,,,,,,,,,,,,,,,
Spotify Summer Internship,"Technology, Music",Fall for summer internships,Summer,Undergraduate/Graduate,https://www.spotifyjobs.com/students/,New York,,,,,,,,,,,,,,,,,,,
Airbnb Internship Program,"Technology, Hospitality",Fall for summer internships,Summer,Undergraduate/Graduate,https://careers.airbnb.com/internship-programs/,California,,,,,,,,,,,,,,,,,,,
Intel Internship Program,"Technology, Engineering",Various,Various,Undergraduate/Graduate,https://jobs.intel.com/en/internships,Various,,,,,,,,,,,,,,,,,,,
Uber Internship Program,"Technology, Business",Fall for summer internships,Summer,Undergraduate/Graduate,https://www.uber.com/us/en/careers/teams/university/,California,,,,,,,,,,,,,,,,,,,
LinkedIn Internship Program,"Technology, Business",Fall for summer internships,Summer,Undergraduate/Graduate,https://careers.linkedin.com/pathways-programs/internships,California,,,,,,,,,,,,,,,,,,,
American Express Internship Program,"Finance, Business",Fall for summer internships,Summer,Undergraduate/Graduate,https://www.americanexpress.com/en-us/careers/student-programs/global-students-page.html,New York,,,,,,,,,,,,,,,,,,,
BlackRock Internship Program,"Finance, Technology",Fall for summer internships,Summer,Undergraduate/Graduate,https://careers.blackrock.com/students-and-graduates,Various,,,,,,,,,,,,,,,,,,,
Cisco Internship Program,"Technology, Networking",Various,Various,Undergraduate/Graduate,https://www.cisco.com/c/en/us/about/careers/communities/students-and-new-graduates.html,California,,,,,,,,,,,,,,,,,,,
Nike Internship Program,"Sports, Business",Various,Various,Undergraduate/Graduate,https://jobs.nike.com/internships,Oregon,,,,,,,,,,,,,,,,,,,
Salesforce Internship Program,"Technology, Business",Fall for summer internships,Summer,Undergraduate/Graduate,https://www.salesforce.com/company/careers/university-recruiting/,California,,,,,,,,,,,,,,,,,,,
X(Formerly twitter) Internship Program,"Technology, Social Media",Fall for summer internships,Summer,Undergraduate/Graduate,https://careers.x.com/en#positions,California,,,,,,,,,,,,,,,,,,,
Exxon Mobil Internship Program,"Energy, Engineering",Fall for summer internships,Summer,Undergraduate/Graduate,https://jobs.exxonmobil.com/,Texas,,,,,,,,,,,,,,,,,,,
Northrop Grumman Internship Program,"Aerospace, Defense",Fall for summer internships,Summer,Undergraduate/Graduate,https://www.northropgrumman.com/careers/students-and-entry-level-careers-start-a-career-of-purpose,Various,,,,,,,,,,,,,,,,,,,
Walmart Internship Program,"Retail, Business",Fall for summer internships,Summer,Undergraduate/Graduate,https://careers.walmart.com/students,Arkansas,,,,,,,,,,,,,,,,,,,
Merck Internship Program,"Pharmaceuticals, Science",Fall for summer internships,Summer,Undergraduate/Graduate,https://jobs.merck.com/us/en/student-opportunities,New Jersey,,,,,,,,,,,,,,,,,,,
Adobe Internship Program,"Technology, Design",Fall for summer internships,Summer,Undergraduate/Graduate,https://www.adobe.com/careers/university/graduates.html,Various,,,,,,,,,,,,,,,,,,,
UberStar Internship Program,"Technology, Business",Fall for summer internships,Summer,Undergraduate/Graduate,https://www.uber.com/us/en/careers/uberstar/,California,,,,,,,,,,,,,,,,,,,
LinkedIn Internship Program,"Technology, Business",Fall for summer internships,Summer,Undergraduate/Graduate,https://careers.linkedin.com/pathways-programs/entry-level,California,,,,,,,,,,,,,,,,,,,
Capital One Internship Program,"Finance, Technology",Fall for summer internships,Summer,Undergraduate/Graduate,https://campus.capitalone.com/,Virginia,,,,,,,,,,,,,,,,,,,
Verizon Internship Program,"Telecommunications, Technology",Fall for summer internships,Summer,Undergraduate/Graduate,https://www.verizon.com/about/careers/college-students,Various,,,,,,,,,,,,,,,,,,,
AT&T Internship Program,"Telecommunications, Technology",Fall for summer internships,Summer,Undergraduate/Graduate,https://www.att.jobs/students/,Texas,,,,,,,,,,,,,,,,,,,
Siemens Internship Program,"Engineering, Technology",Various,Various,Undergraduate/Graduate,https://www.siemens.com/us/en/company/jobs.html,Various,,,,,,,,,,,,,,,,,,,
Medtronic Internship Program,"Medical Technology, Engineering",Fall for summer internships,Summer,Undergraduate/Graduate,https://www.medtronic.com/us-en/our-company/careers/early-careers.html,Minnesota,,,,,,,,,,,,,,,,,,,
Caterpillar Internship Program,"Engineering, Manufacturing",Fall for summer internships,Summer,Undergraduate/Graduate,https://www.caterpillar.com/en/careers/career-areas/college.html,Illinois,,,,,,,,,,,,,,,,,,,
Oracle Internship Program,"Technology, Business",Various,Various,Undergraduate/Graduate,https://www.oracle.com/corporate/careers/students-grads/,Various,,,,,,,,,,,,,,,,,,,
Honeywell Internship Program,"Engineering, Technology",Fall for summer internships,Summer,Undergraduate/Graduate,https://careers.honeywell.com/us/en/students-graduates,Various,,,,,,,,,,,,,,,,,,,
Visa Internship Program,"Finance, Technology",Fall for summer internships,Summer,Undergraduate/Graduate,https://usa.visa.com/careers/university-recruiting.html,California,,,,,,,,,,,,,,,,,,,
Mastercard Internship Program,"Finance, Technology",Fall for summer internships,Summer,Undergraduate/Graduate,https://careers.mastercard.com/us/en/internships,Various,,,,,,,,,,,,,,,,,,,
Raytheon Technologies Internship,"Aerospace, Defense",Fall for summer internships,Summer,Undergraduate/Graduate,https://www.rtx.com/careers/students-and-recent-graduates,Various,,,,,,,,,,,,,,,,,,,
Lyft Internship Program,"Technology, Transportation",Fall for summer internships,Summer,Undergraduate/Graduate,https://www.lyft.com/careers/university,California,,,,,,,,,,,,,,,,,,,
Dropbox Internship Program,Technology,Fall for summer internships,Summer,Undergraduate/Graduate,https://jobs.dropbox.com/teams/emerging-talent,California,,,,,,,,,,,,,,,,,,,
Under Armour Internship Program,"Sports, Business",Fall for summer internships,Summer,Undergraduate/Graduate,https://careers.underarmour.com/content/Students/?locale=en_US,Maryland,,,,,,,,,,,,,,,,,,,
Expedia Group Internship Program,"Technology, Travel",Fall for summer internships,Summer,Undergraduate/Graduate,https://careers.expediagroup.com/emerging-talent-and-careers/,Washington,,,,,,,,,,,,,,,,,,,
Abbott Internship Program,"Healthcare, Science",Fall for summer internships,Summer,Undergraduate/Graduate,https://www.abbott.com/careers/students.html,Illinois,,,,,,,,,,,,,,,,,,,
Zillow Internship Program,"Technology, Real Estate",Fall for summer internships,Summer,Undergraduate/Graduate,https://www.zillow.com/tech/tag/internship/,Washington,,,,,,,,,,,,,,,,,,,
Pepsico Internship Program,"Business, Food & Beverage",Fall for summer internships,Summer,Undergraduate/Graduate,https://www.pepsicojobs.com/internshipsprograms,New York,,,,,,,,,,,,,,,,,,,
Nvidia Internship Program,"Technology, AI",Fall for summer internships,Summer,Undergraduate/Graduate,https://www.nvidia.com/en-us/about-nvidia/careers/university-recruiting/,California,,,,,,,,,,,,,,,,,,,
Qualcomm Internship Program,"Technology, Engineering",Fall for summer internships,Summer,Undergraduate/Graduate,https://www.qualcomm.com/company/careers/interns,California,,,,,,,,,,,,,,,,,,,
Intuit Internship Program,"Technology, Finance",Fall for summer internships,Summer,Undergraduate/Graduate,https://www.intuit.com/careers/programs/students-and-grads/,California,,,,,,,,,,,,,,,,,,,
Comcast NBCUniversal Internship Program,"Media, Technology",Fall for summer internships,Summer,Undergraduate/Graduate,https://jobs.comcast.com/early-career,Pennsylvania,,,,,,,,,,,,,,,,,,,
Citi Internship Program,"Finance, Banking",Fall for summer internships,Summer,Undergraduate/Graduate,https://jobs.citi.com/programfinder,New York,,,,,,,,,,,,,,,,,,,
VMware Internship Program,"Technology, Cloud Computing",Fall for summer internships,Summer,Undergraduate/Graduate,https://careers.vmware.com/university-and-graduates,California,,,,,,,,,,,,,,,,,,,
Kraft Heinz Internship Program,"Food & Beverage, Business",Fall for summer internships,Summer,Undergraduate/Graduate,https://www.kraftheinzcompany.com/careers.html,Illinois,,,,,,,,,,,,,,,,,,,
Starbucks Internship Program,"Business, Food & Beverage",Fall for summer internships,Summer,Undergraduate/Graduate,https://careers.starbucks.com/discover-opportunities/internships/,Washington,,,,,,,,,,,,,,,,,,,
DuPont Internship Program,"Science, Engineering",Fall for summer internships,Summer,Undergraduate/Graduate,https://careers.dupont.com/us/en,Delaware,,,,,,,,,,,,,,,,,,,
L'Oréal USA Internship Program,"Business, Beauty",Fall for summer internships,Summer,Undergraduate/Graduate,https://careers.loreal.com/en_US/content/Students,New York,,,,,,,,,,,,,,,,,,,
Thermo Fisher Scientific Internship Program,"Science, Technology",Fall for summer internships,Summer,Undergraduate/Graduate,https://jobs.thermofisher.com/global/en/interns,Massachusetts,,,,,,,,,,,,,,,,,,,
Workday Internship Program,"Technology, Business",Fall for summer internships,Summer,Undergraduate/Graduate,https://www.workday.com/en-us/company/careers/early-career.html,California,,,,,,,,,,,,,,,,,,,
Autodesk Internship Program,"Technology, Design",Fall for summer internships,Summer,Undergraduate/Graduate,https://www.autodesk.com/careers/students,California,,,,,,,,,,,,,,,,,,,
Roche Internship Program,"Healthcare, Pharmaceuticals",Various,Various,Undergraduate/Graduate,https://careers.roche.com/global/en/student-and-graduate-programs,Various,,,,,,,,,,,,,,,,,,,
Wayfair Internship Program,"E-commerce, Technology",Fall for summer internships,Summer,Undergraduate/Graduate,https://www.wayfair.com/careers/students,Massachusetts,,,,,,,,,,,,,,,,,,,
Bank of America Student Leaders,"Finance, Community Service",January (typically),Summer,High School Juniors and Seniors,https://careers.bankofamerica.com/en-us,Various,,,,,,,,,,,,,,,,,,,
Microsoft Explore Program,Technology,Fall for summer program,Summer,First and Second-year College Students,https://careers.microsoft.com/students/us/en/usexploremicrosoftprogram,Washington,,,,,,,,,,,,,,,,,,,
Smithsonian Internship Program,"Museum, Research",Various,Year-round,High School to Graduate,https://internships.si.edu/,Washington D.C.,,,,,,,,,,,,,,,,,,,
Johns Hopkins APL ASPIRE Program,STEM,December (typically),Summer,High School Students,https://secwww.jhuapl.edu/stem/aspire/,Maryland,,,,,,,,,,,,,,,,,,,
Google Computer Science Summer Institute,Computer Science,Spring for summer program,Summer,Rising College Freshmen,https://blog.google/inside-google/life-at-google/googles-computer-science-summer/,Various,,,,,,,,,,,,,,,,,,,
Lenovo Internship Program,Technology,Various,Year-round,College Students,https://jobs.lenovo.com/en_US/careers/Internship,North Carolina,,,,,,,,,,,,,,,,,,,
Mayo Clinic Summer Undergraduate Research Fellowship,"Healthcare, Research",Winter for summer program,Summer,Undergraduate Students,https://college.mayo.edu/academics/biomedical-research-training/summer-undergraduate-research-fellowship-surf/,Minnesota,,,,,,,,,,,,,,,,,,,
The Intern Group,Various,Rolling,Year-round,High School to Graduate,https://theinterngroup.com/career-fields,New York,,,,,,,,,,,,,,,,,,,
CERN Summer Student Programme,"Physics, Engineering",Fall for summer program,Summer,Undergraduate Students,https://careers.cern/students,Switzerland/France,,,,,,,,,,,,,,,,,,,
Bloomberg Software Engineering Internship,"Technology, Finance",Fall for various programs,Various,Undergraduate/Graduate,https://www.bloomberg.com/company/careers/working-here/internships/,New York,,,,,,,,,,,,,,,,,,,
National Security Agency Internships,"Cybersecurity, Intelligence",Fall for summer program,Various,High School to Graduate,https://www.intelligencecareers.gov/nsa/nsastudents.html,Maryland,,,,,,,,,,,,,,,,,,,
Boston Scientific Internship Program,Medical Technology,Fall for various programs,Various,Undergraduate/Graduate,https://www.bostonscientific.com/en-US/careers/students.html,Massachusetts,,,,,,,,,,,,,,,,,,,
USDA Pathways Internship Program,"Agriculture, Science",Various,Year-round,High School to Graduate,https://www.usda.gov/youth/career,Various,,,,,,,,,,,,,,,,,,,
Genentech Internship Program,Biotechnology,Fall for various programs,Various,Undergraduate/Graduate,https://www.gene.com/careers/university-and-early-career,California,,,,,,,,,,,,,,,,,,,
Texas Instruments Internship Program,"Technology, Engineering",Fall for various programs,Various,Undergraduate/Graduate,https://careers.ti.com/students,Texas,,,,,,,,,,,,,,,,,,,
U.S. Department of State Internship Program,"Government, Diplomacy",Various,"Fall, Spring, Summer",Undergraduate/Graduate,https://careers.state.gov/interns-fellows/,Washington D.C. & Worldwide,,,,,,,,,,,,,,,,,,,
Argonne National Laboratory Internships,"Science, Engineering",Various,Various,High School to Graduate,https://www.anl.gov/education/undergraduate-internship-opportunities,Illinois,,,,,,,,,,,,,,,,,,,
Epic Systems Internship Program,Healthcare IT,Various,Various,Undergraduate/Graduate,https://careers.epic.com/,Wisconsin,,,,,,,,,,,,,,,,,,,
Regeneron Science Talent Search,Science Research,Fall,Winter/Spring,High School Seniors,https://www.societyforscience.org/regeneron-sts/,New York,,,,,,,,,,,,,,,,,,,
Northrop Grumman High School Involvement Partnership,Engineering,Varies by location,School Year,High School Juniors/Seniors,https://www.northropgrumman.com/corporate-responsibility/corporate-citizenship/hip-high-school-involvement-partnership-mentoring-program,Various,,,,,,,,,,,,,,,,,,,
The Library of Congress Junior Fellows Program,"Library Science, Research",Various,Summer,Undergraduate/Graduate,https://www.loc.gov/item/internships/junior-fellows-program/,Washington D.C.,,,,,,,,,,,,,,,,,,,
Brookhaven National Laboratory Internships,"Science, Engineering",Various,Various,High School to Graduate,https://www.bnl.gov/education/programs/,New York,,,,,,,,,,,,,,,,,,,
Booz Allen Hamilton Internships,"Consulting, Technology",Fall for summer program,Summer,Undergraduate/Graduate,https://careers.boozallen.com/,Various,,,,,,,,,,,,,,,,,,,
Getty Internship Program,"Arts, Culture",Various,Various,Undergraduate/Graduate,https://www.getty.edu/foundation/initiatives/current/gradinterns/,California,,,,,,,,,,,,,,,,,,,
National Geographic Internship Program,"Media, Science",Various,Various,Undergraduate/Graduate,https://www.nationalgeographic.org/society/internships/,Washington D.C.,,,,,,,,,,,,,,,,,,,
Xerox HBCU Internship Program,"Business, Technology",Fall for summer program,Summer,Undergraduate at HBCUs,https://www.xerox.com/en-us/jobs/internship,Various,,,,,,,,,,,,,,,,,,,
NOAA Hollings Scholarship Program,Environmental Science,Fall,Summer,Undergraduate Sophomores,https://www.noaa.gov/office-education/hollings-scholarship,Various,,,,,,,,,,,,,,,,,,,
U.S. Department of Energy Science Undergraduate Laboratory Internships,"Science, Engineering",Fall/Spring,Summer/Fall,Undergraduate,https://science.osti.gov/wdts/suli,Various,,,,,,,,,,,,,,,,,,,
Airbus Internship Program,"Aerospace, Engineering",Various,Various,Undergraduate/Graduate,https://www.airbus.com/en/careers/students-and-graduates/interns,Various,,,,,,,,,,,,,,,,,,,
AOL Build,"Media, Technology",Various,Various,High School to Graduate,https://www.verizonmedia.com/careers/students,New York,,,,,,,,,,,,,,,,,,,
BASF Internship Program,"Chemistry, Engineering",Fall for summer program,Summer,Undergraduate/Graduate,https://www.basf.com/us/en/careers/students.html,Various,,,,,,,,,,,,,,,,,,,
Bristol Myers Squibb Internship Program,"Pharmaceuticals, Science",Fall for summer program,Summer,Undergraduate/Graduate,https://careers.bms.com/internships-co-ops/,Various,,,,,,,,,,,,,,,,,,,
NASA Stem Opportunitites,"Space, Technology",Spring,Summer,High School Students,https://www.nasa.gov/learning-resources/nasa-stem-opportunities-activities/,Various,,,,,,,,,,,,,,,,,,,
CERN OpenLab Summer Student Programme,"Technology, Physics",Fall for summer program,Summer,Undergraduate/Graduate,https://openlab.cern/education,Switzerland,,,,,,,,,,,,,,,,,,,
Dolby Internship Program,Audio Technology,Fall for summer program,Summer,Undergraduate/Graduate,https://www.dolby.com/careers,California,,,,,,,,,,,,,,,,,,,
Fermilab Internships,"Physics, Engineering",Various,Various,High School to Graduate,https://internships.fnal.gov/,Illinois,,,,,,,,,,,,,,,,,,,
GE Aviation Internship Program,"Aerospace, Engineering",Fall for summer program,Summer,Undergraduate/Graduate,https://jobs.gecareers.com/aviation/global/en/us-internships,Ohio,,,,,,,,,,,,,,,,,,,
HP Internship Program,Technology,Various,Various,Undergraduate/Graduate,https://jobs.hp.com/us/students-graduates/,California,,,,,,,,,,,,,,,,,,,
Jet Propulsion Laboratory Internships,"Space, Engineering",Various,Various,High School to Graduate,https://www.jpl.nasa.gov/edu/intern/,California,,,,,,,,,,,,,,,,,,,
Los Alamos National Laboratory Internships,"Science, Engineering",Various,Various,High School to Graduate,https://www.lanl.gov/careers/career-options/student-internships/index.php,New Mexico,,,,,,,,,,,,,,,,,,,
Merck Future Talent Program,"Pharmaceuticals, Science",Fall for summer program,Summer,Undergraduate/Graduate,https://jobs.merck.com/us/en/future-talent-rotational-program,New Jersey,,,,,,,,,,,,,,,,,,,
Oak Ridge National Laboratory Internships,"Science, Engineering",Various,Various,Undergraduate/Graduate,https://education.ornl.gov/,Tennessee,,,,,,,,,,,,,,,,,,,
Riot Games Internship Program,"Gaming, Technology",Fall for summer program,Summer,Undergraduate/Graduate,https://www.riotgames.com/en/university-programs,California,,,,,,,,,,,,,,,,,,,
Squarespace Internship Program,"Technology, Design",Fall for summer program,Summer,Undergraduate/Graduate,https://www.squarespace.com/about/careers,New York,,,,,,,,,,,,,,,,,,,
Zappos Internship Program,"E-commerce, Business",Various,Various,Undergraduate/Graduate,https://jobs.zappos.com/students,Nevada,,,,,,,,,,,,,,,,,,,
Patagonia Internship Program,"Retail, Sustainability",Various,Various,Undergraduate/Graduate,https://careers.patagonia.com/us/en,California,,,,,,,,,,,,,,,,,,,
Nutanix Internship Program,"Technology, Cloud Computing",Fall for summer program,Summer,Undergraduate/Graduate,https://www.nutanix.com/company/careers/university-recruiting,California,,,,,,,,,,,,,,,,,,,
Yelp Internship Program,"Technology, Local Business",Fall for summer program,Summer,Undergraduate/Graduate,https://www.yelp.careers/us/en/search-results/?iis=Company+Website&iisn=Life+at+Yelp+Blog,California,,,,,,,,,,,,,,,,,,,
Esri Internship Program,"GIS, Technology",Fall for summer program,Summer,Undergraduate/Graduate,https://www.esri.com/en-us/about/careers/student-jobs,California,,,,,,,,,,,,,,,,,,,
Garmin Internship Program,"Technology, GPS",Fall for summer program,Summer,Undergraduate/Graduate,https://careers.garmin.com/students,Kansas,,,,,,,,,,,,,,,,,,,
Constant Contact Internship Program,"Marketing, Technology",Various,Various,Undergraduate/Graduate,https://www.endurance.com/careers/students,Massachusetts,,,,,,,,,,,,,,,,,,,
Sonos Internship Program,Audio Technology,Fall for summer program,Summer,Undergraduate/Graduate,https://careers.sonos.com/students,Massachusetts,,,,,,,,,,,,,,,,,,,
Tractor Supply Company Internship Program,"Retail, Business",Fall for summer program,Summer,Undergraduate/Graduate,https://www.tractorsupply.careers/content/Early-Career/?locale=en_US,Tennessee,,,,,,,,,,,,,,,,,,,
Workiva Internship Program,"Technology, Finance",Fall for summer program,Summer,Undergraduate/Graduate,https://www.workiva.com/careers/internships,Iowa,,,,,,,,,,,,,,,,,,,
Slack Internship Program,"Technology, Communication",Fall for summer program,Summer,Undergraduate/Graduate,https://slack.com/careers/university-recruiting,California,,,,,,,,,,,,,,,,,,,
Atlassian Internship Program,"Technology, Software",Fall for summer program,Summer,Undergraduate/Graduate,https://www.atlassian.com/company/careers/students,Various,,,,,,,,,,,,,,,,,,,
Instacart Internship Program,"Technology, Delivery",Fall for summer program,Summer,Undergraduate/Graduate,https://instacart.careers/current-openings/,California,,,,,,,,,,,,,,,,,,,
Chewy Internship Program,"E-commerce, Pet Supplies",Fall for summer program,Summer,Undergraduate/Graduate,https://careers.chewy.com/students/,Florida,,,,,,,,,,,,,,,,,,,
Robinhood Internship Program,"Finance, Technology",Fall for summer program,Summer,Undergraduate/Graduate,https://earlytalent.robinhood.com/,California,,,,,,,,,,,,,,,,,,,
Grubhub Internship Program,"Food Delivery, Technology",Fall for summer program,Summer,Undergraduate/Graduate,https://careers.grubhub.com/,Illinois,,,,,,,,,,,,,,,,,,,
Pandora Internship Program,"Music, Technology",Fall for summer program,Summer,Undergraduate/Graduate,https://careers.pandoragroup.com/go/View-All-Jobs-Internships-Apprenticeships/8892701/,California,,,,,,,,,,,,,,,,,,,
Pinterest Internship Program,"Social Media, Technology",Fall for summer program,Summer,Undergraduate/Graduate,https://www.pinterestcareers.com/early-career/university-recruiting/,California,,,,,,,,,,,,,,,,,,,
Activision Blizzard Internship Program,"Gaming, Entertainment",Fall for summer program,Summer,Undergraduate/Graduate,https://careers.activisionblizzard.com/early-careers,California,,,,,,,,,,,,,,,,,,,
DocuSign Internship Program,"Technology, E-Signature",Fall for summer program,Summer,Undergraduate/Graduate,https://careers.docusign.com/students,California,,,,,,,,,,,,,,,,,,,
MongoDB Internship Program,"Database, Technology",Fall for summer program,Summer,Undergraduate/Graduate,https://www.mongodb.com/company/careers/students-and-graduates,New York,,,,,,,,,,,,,,,,,,,
Quora Internship Program,"Q&A Platform, Technology",Fall for summer program,Summer,Undergraduate/Graduate,https://www.quora.com/careers,California,,,,,,,,,,,,,,,,,,,
Coursera Internship Program,"EdTech, Online Learning",Fall for summer program,Summer,Undergraduate/Graduate,https://careers.coursera.com/jobs/search,California,,,,,,,,,,,,,,,,,,,
Square Internship Program,Financial Technology,Fall for summer program,Summer,Undergraduate/Graduate,https://careers.squareup.com/us/en/university,California,,,,,,,,,,,,,,,,,,,
Stitch Fix Internship Program,"Fashion, Technology",Fall for summer program,Summer,Undergraduate/Graduate,https://www.stitchfix.com/careers,California,,,,,,,,,,,,,,,,,,,
Zendesk Internship Program,Customer Service Software,Fall for summer program,Summer,Undergraduate/Graduate,https://www.zendesk.com/jobs/students/,California,,,,,,,,,,,,,,,,,,,
Zynga Internship Program,Mobile Gaming,Fall for summer program,Summer,Undergraduate/Graduate,https://www.zynga.com/jobs/university/,California,,,,,,,,,,,,,,,,,,,
Cloudflare Internship Program,Internet Security,Fall for summer program,Summer,Undergraduate/Graduate,https://www.cloudflare.com/careers/early-talent/,California,,,,,,,,,,,,,,,,,,,
Yext Internship Program,Search Technology,Fall for summer program,Summer,Undergraduate/Graduate,https://www.yext.com/careers/interns-new-grads,New York,,,,,,,,,,,,,,,,,,,
Palo Alto Networks Internship Program,Cybersecurity,Fall for summer program,Summer,Undergraduate/Graduate,https://jobs.paloaltonetworks.com/en/early-in-career/,California,,,,,,,,,,,,,,,,,,,
Carvana Internship Program,"Auto Retail, Technology",Fall for summer program,Summer,Undergraduate/Graduate,https://www.carvana.com/careers,Arizona,,,,,,,,,,,,,,,,,,,
Hubspot Internship Program,Marketing Software,Fall for summer program,Summer,Undergraduate/Graduate,https://www.hubspot.com/careers/students,Massachusetts,,,,,,,,,,,,,,,,,,,
Datadog Internship Program,"Cloud Monitoring, Technology",Fall for summer program,Summer,Undergraduate/Graduate,https://www.datadoghq.com/careers/students/,New York,,,,,,,,,,,,,,,,,,,
Klaviyo Internship Program,Marketing Technology,Fall for summer program,Summer,Undergraduate/Graduate,https://www.klaviyo.com/careers/students,Massachusetts,,,,,,,,,,,,,,,,,,,
Roku Internship Program,"Streaming, Technology",Fall for summer program,Summer,Undergraduate/Graduate,https://www.roku.com/jobs/students,California,,,,,,,,,,,,,,,,,,,
Stripe Internship Program,Financial Technology,Fall for summer program,Summer,Undergraduate/Graduate,https://stripe.com/jobs/university,California,,,,,,,,,,,,,,,,,,,
Affirm Internship Program,Financial Technology,Fall for summer program,Summer,Undergraduate/Graduate,https://www.affirm.com/university,California,,,,,,,,,,,,,,,,,,,
Qualtrics Internship Program,"Experience Management, Technology",Fall for summer program,Summer,Undergraduate/Graduate,https://www.qualtrics.com/careers/students/,Utah,,,,,,,,,,,,,,,,,,,
SurveyMonkey Internship Program,"Survey Software, Technology",Fall for summer program,Summer,Undergraduate/Graduate,https://www.surveymonkey.com/careers/,California,,,,,,,,,,,,,,,,,,,
Box Internship Program,"Cloud Storage, Technology",Fall for summer program,Summer,Undergraduate/Graduate,https://careers.box.com/en/early-career/,California,,,,,,,,,,,,,,,,,,,
Udacity Internship Program,"Online Education, Technology",Various,Various,Undergraduate/Graduate,https://www.udacity.com/jobs,California,,,,,,,,,,,,,,,,,,,
Palantir Technologies Internship Program,"Data Analytics, Technology",Fall for summer program,Summer,Undergraduate/Graduate,https://www.palantir.com/careers/students/,California,,,,,,,,,,,,,,,,,,,
Mailchimp Internship Program,"Email Marketing, Technology",Fall for summer program,Summer,Undergraduate/Graduate,https://mailchimp.com/jobs/experience/,Georgia,,,,,,,,,,,,,,,,,,,
Zoom Internship Program,"Video Conferencing, Technology",Fall for summer program,Summer,Undergraduate/Graduate,https://explore.zoom.us/en/global-emerging-talent/,California,,,,,,,,,,,,,,,,,,,
GitLab Internship Program,"Version Control, Technology",Various,Various,Undergraduate/Graduate,https://handbook.gitlab.com/job-families/engineering/software-engineer-intern/,Remote,,,,,,,,,,,,,,,,,,,
Lucid Software Internship Program,"Productivity Software, Technology",Fall for summer program,Summer,Undergraduate/Graduate,https://lucid.co/careers/team/engineering-interns,Utah,,,,,,,,,,,,,,,,,,,
Intercom Internship Program,"Customer Communication, Technology",Fall for summer program,Summer,Undergraduate/Graduate,https://www.intercom.com/careers,California,,,,,,,,,,,,,,,,,,,
Plaid Internship Program,Financial Technology,Fall for summer program,Summer,Undergraduate/Graduate,https://plaid.com/careers/,California,,,,,,,,,,,,,,,,,,,
Flexport Internship Program,"Logistics, Technology",Fall for summer program,Summer,Undergraduate/Graduate,https://www.flexport.com/careers/jobs/,California,,,,,,,,,,,,,,,,,,,
Gusto Internship Program,HR Technology,Fall for summer program,Summer,Undergraduate/Graduate,https://gusto.com/about/careers,California,,,,,,,,,,,,,,,,,,,
Confluent Internship Program,"Data Streaming, Technology",Fall for summer program,Summer,Undergraduate/Graduate,https://careers.confluent.io/pages/early-talent,California,,,,,,,,,,,,,,,,,,,
Snowflake Internship Program,"Cloud Data Platform, Technology",Fall for summer program,Summer,Undergraduate/Graduate,https://careers.snowflake.com/students,California,,,,,,,,,,,,,,,,,,,
Okta Internship Program,"Identity Management, Technology",Fall for summer program,Summer,Undergraduate/Graduate,https://www.okta.com/company/careers/intern-program/,California,,,,,,,,,,,,,,,,,,,
Twilio Internship Program,"Communications, Technology",Fall for summer program,Summer,Undergraduate/Graduate,https://www.twilio.com/company/jobs#open-positions,California,,,,,,,,,,,,,,,,,,,
Etsy Internship Program,"E-commerce, Technology",Fall for summer program,Summer,Undergraduate/Graduate,https://careers.etsy.com/,New York,,,,,,,,,,,,,,,,,,,
Duolingo Internship Program,"Language Learning, Technology",Fall for summer program,Summer,Undergraduate/Graduate,https://careers.duolingo.com/students,Pennsylvania,,,,,,,,,,,,,,,,,,,
Shopify Internship Program,"E-commerce, Technology",Various,Various,Undergraduate/Graduate,https://www.shopify.com/careers/interns,Remote,,,,,,,,,,,,,,,,,,,
Hatch Apprenticeship Program,software engineering,Various,Various,Undergraduate/Graduate,https://www.twilio.com/en-us/company/diversity/hatch,California,,,,,,,,,,,,,,,,,,,
Instacart Internship Program,"Grocery Delivery, Technology",Fall for summer program,Summer,Undergraduate/Graduate,https://instacart.careers/,California,,,,,,,,,,,,,,,,,,,
Peloton Internship Program,Fitness Technology,Fall for summer program,Summer,Undergraduate/Graduate,https://www.onepeloton.com/careers/students,New York,,,,,,,,,,,,,,,,,,,
Zapier Internship Program,"Workflow Automation, Technology",Various,Various,Undergraduate/Graduate,https://zapier.com/jobs,Remote,,,,,,,,,,,,,,,,,,,
Figma Internship Program,"Design Software, Technology",Fall for summer program,Summer,Undergraduate/Graduate,https://www.figma.com/careers/,California,,,,,,,,,,,,,,,,,,,
Coursera Internship Program,"Online Education, Technology",Fall for summer program,Summer,Undergraduate/Graduate,https://www.coursera.org/articles/computer-science-internships,California,,,,,,,,,,,,,,,,,,,
Notion Internship Program,"Productivity Software, Technology",Fall for summer program,Summer,Undergraduate/Graduate,https://www.notion.so/careers,California,,,,,,,,,,,,,,,,,,,
Airtable Internship Program,"Spreadsheet-Database, Technology",Fall for summer program,Summer,Undergraduate/Graduate,https://airtable.com/careers,California,,,,,,,,,,,,,,,,,,,
Miro Internship Program,"Online Whiteboard, Technology",Various,Various,Undergraduate/Graduate,https://miro.com/careers/,California,,,,,,,,,,,,,,,,,,,
Reddit Internship Program,"Social Media, Technology",Fall for summer program,Summer,Undergraduate/Graduate,https://www.redditinc.com/careers,California,,,,,,,,,,,,,,,,,,,
Asana Internship Program,"Project Management, Technology",Fall for summer program,Summer,Undergraduate/Graduate,https://asana.com/jobs/university,California,,,,,,,,,,,,,,,,,,,
Canva Internship Program,"Graphic Design, Technology",Various,Various,Undergraduate/Graduate,https://www.canva.com/newsroom/news/a-look-into-early-talent-at-canva/,Australia/US,,,,,,,,,,,,,,,,,,,
Google Computer Science Summer Institute,Computer Science,Spring for summer program,Summer,Rising College Freshmen,https://cssicurriculum.withgoogle.com/,Various,,,,,,,,,,,,,,,,,,,
Bank of America Student Leaders,"Finance, Community Service",January (typically),Summer,High School Juniors and Seniors,https://about.bankofamerica.com/en/making-an-impact/student-leaders,Various,,,,,,,,,,,,,,,,,,,
Smithsonian Internship Program,"Museum, Research",Various,Year-round,High School to Graduate,https://internships.si.edu/taxonomy/term/103,Washington D.C.,,,,,,,,,,,,,,,,,,,
Johns Hopkins APL ASPIRE Program,STEM,December (typically),Summer,High School Students,https://www.jhuapl.edu/stem/aspire/,Maryland,,,,,,,,,,,,,,,,,,,
Disney Dreamers Academy,Personal Development,October (typically),Spring,High School Students,https://www.disneydreamersacademy.com/,Florida,,,,,,,,,,,,,,,,,,,
The Intern Group,Various,Rolling,Year-round,High School to Graduate,https://theinterngroup.com/our-programs,New York,,,,,,,,,,,,,,,,,,,
Genesys Works,"Technology, Business",Spring,School Year + Summer,Rising High School Seniors,https://genesysworks.org/for-students/,Various,,,,,,,,,,,,,,,,,,,
Kaiser Permanente LAUNCH Program,Healthcare,Spring,Summer,High School Students,https://www.kaiserpermanentejobs.org/internship-opportunities,California,,,,,,,,,,,,,,,,,,,
Microsoft High School Internship,Technology,Fall for summer program,Summer,High School Students,https://careers.microsoft.com/students/us/en/highschoolprogram,Washington,,,,,,,,,,,,,,,,,,,
Adidas S.E.E.D. Program,"Business, Design",Spring,Summer,High School Students,https://careers.adidas-group.com/teams/students/internships-students,Oregon,,,,,,,,,,,,,,,,,,,
Stanford Institutes of Medicine Summer Research Program,"Medicine, Research",Winter,Summer,High School Students,https://simr.stanford.edu/,California,,,,,,,,,,,,,,,,,,,
Brookhaven National Laboratory High School Research Program,"Science, Research",Winter,Summer,High School Students,https://www.bnl.gov/education/programs/program.php?q=28,New York,,,,,,,,,,,,,,,,,,,
NIH High School Summer Internship Program (HS-SIP),Biomedical Research,Winter,Summer,High School Students,https://www.training.nih.gov/programs/hs-sip,Maryland,,,,,,,,,,,,,,,,,,,
The Aerospace Corporation Summer High School Internship,Aerospace,Winter,Summer,High School Students,https://aerospace.org/students-and-recent-graduates,California,,,,,,,,,,,,,,,,,,,
Argonne National Laboratory High School Student Research Program,"Science, Engineering",Winter,Summer,High School Students,https://www.anl.gov/education/high-school-research-programs,Illinois,,,,,,,,,,,,,,,,,,,
Metropolitan Museum of Art High School Internships,"Art, Culture",Winter,School Year + Summer,High School Students,https://www.metmuseum.org/about-the-met/internships/high-school/school-year-high-school-internships,New York,,,,,,,,,,,,,,,,,,,
Lockheed Martin High School Internship,Engineering,Fall for summer program,Summer,High School Students,https://www.lockheedmartin.com/en-us/careers/candidates/students-early-careers/high-school.html,Various,,,,,,,,,,,,,,,,,,,
American Red Cross Internships,"Non-profit, Healthcare",Various,Various,High School and College,https://www.redcross.org/about-us/careers/university-programs.html,Various,,,,,,,,,,,,,,,,,,,
Amgen Scholars Program,Biotechnology,Winter,Summer,College Students,https://amgenscholars.com/,Various,,,,,,,,,,,,,,,,,,,
Apple HBCU Scholars Program,Technology,Fall,Summer,HBCU Students,https://www.tmcf.org/students-alumni/corp-scholar-programs/apple-hbcu-scholars-program/,California,,,,,,,,,,,,,,,,,,,
Baxter International Internships,Healthcare,Fall for summer program,Summer,College Students,https://jobs.baxter.com/en,Various,,,,,,,,,,,,,,,,,,,
Bayer Internship Program,"Science, Healthcare",Fall for summer program,Summer,College Students,https://career.bayer.com/en/career/students-and-graduates/,Various,,,,,,,,,,,,,,,,,,,
Bloomberg Data Science Summer Intern,Data Science,Fall for summer program,Summer,College Students,https://careers.bloomberg.com/job/search?el=Internships,New York,,,,,,,,,,,,,,,,,,,
Booz Allen Summer Games Internship,"Consulting, Technology",Fall for summer program,Summer,College Students,https://www.boozallen.com/careers/university-talent/booz-allen-summer-games.html,Various,,,,,,,,,,,,,,,,,,,
CDC Museum Disease Detective Camp,Public Health,Winter,Summer,High School Juniors and Seniors,https://www.cdc.gov/museum/camp/detective/,Georgia,,,,,,,,,,,,,,,,,,,
Cisco Internship Programs,Technology,Various,Summer,High School Students,https://www.cisco.com/c/en/us/about/careers.html,Various,,,,,,,,,,,,,,,,,,,
Deloitte Discovery Internship,"Business, Consulting",Fall for summer program,Summer,College Freshmen and Sophomores,https://www2.deloitte.com/us/en/pages/careers/articles/join-deloitte-internships.html,Various,,,,,,,,,,,,,,,,,,,
Disney College Program,Entertainment,Various,Various,College Students,https://jobs.disneycareers.com/disney-programs,"Florida, California",,,,,,,,,,,,,,,,,,,
Dow Chemical Internship Program,Chemical Engineering,Fall for summer program,Summer,College Students,https://corporate.dow.com/en-us/careers/internships.html,Various,,,,,,,,,,,,,,,,,,,
Ernst & Young Internship Program,"Business, Consulting",Fall for summer program,Summer,College Students,https://www.ey.com/en_us/careers/internships-student-programs,Various,,,,,,,,,,,,,,,,,,,
Facebook University,Technology,Fall for summer program,Summer,College Freshmen and Sophomores,https://www.facebook.com/careers/students-and-grads/students,California,,,,,,,,,,,,,,,,,,,
FBI Honors Internship Program,Law Enforcement,Summer/Fall for next year,Summer,College Juniors and Seniors,https://www.fbijobs.gov/students/undergrad,Various,,,,,,,,,,,,,,,,,,,
GE Aviation Internship Program,Aerospace,Fall for summer program,Summer,College Students,https://jobs.gecareers.com/aviation/global/en/search-results,Ohio,,,,,,,,,,,,,,,,,,,
Girls Who Code Summer Immersion Program,Computer Science,Winter,Summer,High School Girls,https://girlswhocode.com/programs/summer-immersion-program,Various,,,,,,,,,,,,,,,,,,,
Google Bold Internship,Technology,Fall for summer program,Summer,College Students,https://www.google.com/about/careers/applications/programs/bold/,Various,,,,,,,,,,,,,,,,,,,
Hewlett Packard Enterprise Internships,Technology,Fall for summer program,Summer,College Students,https://careers.hpe.com/us/en/students,Various,,,,,,,,,,,,,,,,,,,
Intel Internship Program,Technology,Fall for summer program,Summer,College Students,https://www.intel.com/content/www/us/en/jobs/students.html,Various,,,,,,,,,,,,,,,,,,,
Johnson & Johnson Internship Program,Healthcare,Fall for summer program,Summer,College Students,https://www.careers.jnj.com/,Various,,,,,,,,,,,,,,,,,,,
KPMG Internship Program,"Business, Consulting",Fall for summer program,Summer,College Students,https://www.kpmguscareers.com/job-search/,Various,,,,,,,,,,,,,,,,,,,
McKinsey & Company Undergraduate Intern Program,Consulting,Fall for summer program,Summer,College Students,https://www.mckinsey.com/careers/students/undergraduate-degree-candidates,Various,,,,,,,,,,,,,,,,,,,
NASA Community College Aerospace Scholars,Aerospace,Various,Various,Community College Students,https://www.nasa.gov/learning-resources/nasa-community-college-aerospace-scholars/,Various,,,,,,,,,,,,,,,,,,,
Nordstrom Internship Program,"Retail, Business",Fall for summer program,Summer,College Students,https://careers.nordstrom.com/?keyword=careers#/student-center/main,Washington,,,,,,,,,,,,,,,,,,,
LinkedIn Internship Program,"Professional Network, Technology",Fall for summer program,Summer,Undergraduate/Graduate,https://careers.linkedin.com/students,California,,,,,,,,,,,,,,,,,,,
Twitch Internship Program,"Video Streaming, Technology",Fall for summer program,Summer,Undergraduate/Graduate,https://www.twitch.tv/jobs/en/,California,,,,,,,,,,,,,,,,,,,
Adobe Internship Program,"Software, Creative Tools",Fall for summer program,Summer,Undergraduate/Graduate,https://www.adobe.com/careers/university.html,California,,,,,,,,,,,,,,,,,,,
VMware Internship Program,"Cloud, Virtualization",Fall for summer program,Summer,Undergraduate/Graduate,https://www.vmware.com/company/research/students,California,,,,,,,,,,,,,,,,,,,
Snapchat Internship Program,"Social Media, Technology",Fall for summer program,Summer,Undergraduate/Graduate,https://careers.snap.com/university,California,,,,,,,,,,,,,,,,,,,
Databricks Internship Program,"Data Analytics, AI",Fall for summer program,Summer,Undergraduate/Graduate,https://databricks.com/company/careers/university-recruiting,California,,,,,,,,,,,,,,,,,,,
Roblox Internship Program,"Gaming, Technology",Fall for summer program,Summer,Undergraduate/Graduate,https://corp.roblox.com/careers/#students,California,,,,,,,,,,,,,,,,,,,
Unity Technologies Internship Program,Game Development,Fall for summer program,Summer,Undergraduate/Graduate,https://unity.com/students,California,,,,,,,,,,,,,,,,,,,
Splunk Internship Program,Data Platform,Fall for summer program,Summer,Undergraduate/Graduate,https://www.splunk.com/en_us/careers/splunkterns.html,California,,,,,,,,,,,,,,,,,,,
AMD Internship Program,"Semiconductor, Technology",Fall for summer program,Summer,Undergraduate/Graduate,https://careers.amd.com/students,Various,,,,,,,,,,,,,,,,,,,
Dell Technologies Internship Program,Technology,Fall for summer program,Summer,Undergraduate/Graduate,https://jobs.dell.com/students,Various,,,,,,,,,,,,,,,,,,,
PayPal Internship Program,Financial Technology,Fall for summer program,Summer,Undergraduate/Graduate,https://careers.pypl.com/university-hiring/university-overview/,Various,,,,,,,,,,,,,,,,,,,
Morgan Stanley Internship Program,"Finance, Investment Banking",Fall for summer program,Summer,Undergraduate/Graduate,https://www.morganstanley.com/people-opportunities/students-graduates,Various,,,,,,,,,,,,,,,,,,,
Boston Consulting Group Internship Program,Management Consulting,Fall for summer program,Summer,Undergraduate/Graduate,https://careers.bcg.com/students,Various,,,,,,,,,,,,,,,,,,,
Bain & Company Internship Program,Management Consulting,Fall for summer program,Summer,Undergraduate/Graduate,https://www.bain.com/careers/work-with-us/internships-programs/,Various,,,,,,,,,,,,,,,,,,,
Novartis Internship Program,Pharmaceuticals,Fall for summer program,Summer,Undergraduate/Graduate,https://www.novartis.com/careers/students-scholars,Various,,,,,,,,,,,,,,,,,,,
Unilever Internship Program,Consumer Goods,Fall for summer program,Summer,Undergraduate/Graduate,https://www.unilever.com/careers/students-and-graduates/,Various,,,,,,,,,,,,,,,,,,,
Warner Bros. Discovery Internship Program,"Media, Entertainment",Fall for summer program,Summer,Undergraduate/Graduate,https://warnermediagroup.com/careers/internships,Various,,,,,,,,,,,,,,,,,,,
Viacom CBS Internship Program,"Media, Entertainment",Fall for summer program,Summer,Undergraduate/Graduate,https://www.viacomcbs.com/careers/internships,Various,,,,,,,,,,,,,,,,,,,
Electronic Arts Internship Program,"Gaming, Entertainment",Fall for summer program,Summer,Undergraduate/Graduate,https://careers.ea.com/students,Various,,,,,,,,,,,,,,,,,,,
Epic Games Internship Program,"Gaming, Technology",Fall for summer program,Summer,Undergraduate/Graduate,https://www.epicgames.com/site/en-US/careers,North Carolina,,,,,,,,,,,,,,,,,,,
Northrop Grumman Internship Program,"Aerospace, Defense",Fall for summer program,Summer,Undergraduate/Graduate,https://www.northropgrumman.com/careers/internships-at-northrop-grumman,Various,,,,,,,,,,,,,,,,,,,
Shell Internship Program,"Energy, Oil & Gas",Fall for summer program,Summer,Undergraduate/Graduate,https://www.shell.com/careers/students-and-graduates.html,Various,,,,,,,,,,,,,,,,,,,
BP Internship Program,"Energy, Oil & Gas",Fall for summer program,Summer,Undergraduate/Graduate,https://www.bp.com/en/global/corporate/careers/students-and-graduates.html,Various,,,,,,,,,,,,,,,,,,,
General Motors Internship Program,Automotive,Fall for summer program,Summer,Undergraduate/Graduate,https://search-careers.gm.com/en/jobs/jr-202411066/general-motors-internship-program/,Various,,,,,,,,,,,,,,,,,,,
Stellantis (formerly FCA) Internship Program,Automotive,Fall for summer program,Summer,Undergraduate/Graduate,https://careers.stellantis.com/global-students/students-north-america/,Various,,,,,,,,,,,,,,,,,,,
Volkswagen Group of America Internship Program,Automotive,Fall for summer program,Summer,Undergraduate/Graduate,https://www.volkswagengroupofamerica.com/en-us/careers/careers-at-volkswagen,Various,,,,,,,,,,,,,,,,,,,
BMW Group Internship Program,Automotive,Various,Various,Undergraduate/Graduate,https://www.bmwgroup.jobs/us/en/opportunities/student/undergraduate-student.html,Various,,,,,,,,,,,,,,,,,,,
Mercedes-Benz USA Internship Program,Automotive,Fall for summer program,Summer,Undergraduate/Graduate,https://group.mercedes-benz.com/careers/students/internship/,Various,,,,,,,,,,,,,,,,,,,
Toyota Internship Program,Automotive,Fall for summer program,Summer,Undergraduate/Graduate,https://careers.toyota.com/us/en/students,Various,,,,,,,,,,,,,,,,,,,
Honda Internship Program,Automotive,Fall for summer program,Summer,Undergraduate/Graduate,https://careers.honda.com/go/Co-op-&-Internship-Program/9503300/,Various,,,,,,,,,,,,,,,,,,,
Hyundai Motor America Internship Program,Automotive,Fall for summer program,Summer,Undergraduate/Graduate,https://www.hyundaiusa.com/us/en/careers,Various,,,,,,,,,,,,,,,,,,,
John Deere Internship Program,"Agriculture, Engineering",Fall for summer program,Summer,Undergraduate/Graduate,https://about.deere.com/en-us/careers/students-and-recent-graduates,Various,,,,,,,,,,,,,,,,,,,
3M Internship Program,"Manufacturing, Technology",Fall for summer program,Summer,Undergraduate/Graduate,https://www.3m.com/3M/en_US/careers-us/students/,Minnesota,,,,,,,,,,,,,,,,,,,
Stryker Corporation Internship Program,Medical Technology,Fall for summer program,Summer,Undergraduate/Graduate,https://careers.stryker.com/summer-intern-program/job/F11959E88430A33089011547C8BAB724,Michigan,,,,,,,,,,,,,,,,,,,
Illumina Internship Program,Biotechnology,Fall for summer program,Summer,Undergraduate/Graduate,https://www.illumina.com/company/careers/interns.html,California,,,,,,,,,,,,,,,,,,,
Amgen Internship Program,Biotechnology,Fall for summer program,Summer,Undergraduate/Graduate,https://careers.amgen.com/students-and-graduates,California,,,,,,,,,,,,,,,,,,,
Gilead Sciences Internship Program,Biotechnology,Fall for summer program,Summer,Undergraduate/Graduate,https://www.gilead.com/careers/early-career-opportunities/internship-program,California,,,,,,,,,,,,,,,,,,,
Biogen Internship Program,Biotechnology,Fall for summer program,Summer,Undergraduate/Graduate,https://www.biogen.com/careers/students-and-graduates.html,Massachusetts,,,,,,,,,,,,,,,,,,,
Regeneron Pharmaceuticals Internship Program,Biotechnology,Fall for summer program,Summer,Undergraduate/Graduate,https://careers.regeneron.com/en/,New York,,,,,,,,,,,,,,,,,,,
Moderna Internship Program,Biotechnology,Fall for summer program,Summer,Undergraduate/Graduate,https://www.modernatx.com/en-US/careers/life-at-moderna,Massachusetts,,,,,,,,,,,,,,,,,,,
Eli Lilly and Company Internship Program,Pharmaceuticals,Fall for summer program,Summer,Undergraduate/Graduate,https://careers.lilly.com/students,Indiana,,,,,,,,,,,,,,,,,,,
AstraZeneca Internship Program,Pharmaceuticals,Fall for summer program,Summer,Undergraduate/Graduate,https://careers.astrazeneca.com/students,Various,,,,,,,,,,,,,,,,,,,
GlaxoSmithKline Internship Program,Pharmaceuticals,Fall for summer program,Summer,Undergraduate/Graduate,https://us.gsk.com/en-us/careers/early-talent/internships-and-co-ops/,Various,,,,,,,,,,,,,,,,,,,
Sanofi Internship Program,Pharmaceuticals,Fall for summer program,Summer,Undergraduate/Graduate,https://jobs.sanofi.com/en/search-jobs/internship,Various,,,,,,,,,,,,,,,,,,,
Cargill Internship Program,"Agriculture, Food",Fall for summer program,Summer,Undergraduate/Graduate,https://careers.cargill.com/students-and-graduates,Minnesota,,,,,,,,,,,,,,,,,,,
Archer Daniels Midland (ADM) Internship Program,"Agriculture, Food Processing",Fall for summer program,Summer,Undergraduate/Graduate,https://www.adm.com/en-us/culture-and-careers/early-careers/,Illinois,,,,,,,,,,,,,,,,,,,
ConAgra Brands Internship Program,Food Processing,Fall for summer program,Summer,Undergraduate/Graduate,https://careers.conagrabrands.com/us/en/internships,Illinois,,,,,,,,,,,,,,,,,,,
General Mills Internship Program,Food Processing,Fall for summer program,Summer,Undergraduate/Graduate,https://careers.generalmills.com/careers/students-and-recent-graduates/,Minnesota,,,,,,,,,,,,,,,,,,,
Kellogg's Internship Program,Food Processing,Fall for summer program,Summer,Undergraduate/Graduate,https://www.kelloggcareers.com/global/students-and-graduates.html,Michigan,,,,,,,,,,,,,,,,,,,
Anheuser-Busch InBev Internship Program,Beverage,Fall for summer program,Summer,Undergraduate/Graduate,https://www.anheuser-busch.com/careers-early-career-internships-co-ops,Various,,,,,,,,,,,,,,,,,,,
McDonald's Internship Program,Food Service,Fall for summer program,Summer,Undergraduate/Graduate,https://careers.mcdonalds.com/us/students-and-graduates,Illinois,,,,,,,,,,,,,,,,,,,
Yum! Brands Internship Program,Food Service,Fall for summer program,Summer,Undergraduate/Graduate,https://www.yum.com/wps/portal/yumbrands/Yumbrands/careers/students,Kentucky,,,,,,,,,,,,,,,,,,,
Hilton Worldwide Internship Program,Hospitality,Various,Various,Undergraduate/Graduate,https://jobs.hilton.com/us/en/career-areas-america-university,Virginia,,,,,,,,,,,,,,,,,,,
Marriott International Internship Program,Hospitality,Various,Various,Undergraduate/Graduate,https://careers.marriott.com/students-graduates/,Maryland,,,,,,,,,,,,,,,,,,,
Hyatt Internship Program,Hospitality,Various,Various,Undergraduate/Graduate,https://careers.hyatt.com/en-US/careers/,Illinois,,,,,,,,,,,,,,,,,,,
Booking Holdings Internship Program,Travel Technology,Fall for summer program,Summer,Undergraduate/Graduate,https://www.bookingholdings.com/careers/careers/,Various,,,,,,,,,,,,,,,,,,,
Airbus Internship Program,Aerospace,Fall for summer program,Summer,Undergraduate/Graduate,https://www.airbus.com/en/careers/students-and-graduates,Various,,,,,,,,,,,,,,,,,,,
Rolls-Royce Internship Program,"Aerospace, Engineering",Fall for summer program,Summer,Undergraduate/Graduate,https://careers.rolls-royce.com/united-kingdom/students-and-graduates/graduates-and-interns,Various,,,,,,,,,,,,,,,,,,,
Emerson Electric Internship Program,Industrial Automation,Fall for summer program,Summer,Undergraduate/Graduate,https://www.emerson.com/en-us/careers/students-and-graduate-programs,Missouri,,,,,,,,,,,,,,,,,,,
Schneider Electric Internship Program,Energy Management,Fall for summer program,Summer,Undergraduate/Graduate,https://www.se.com/us/en/about-us/careers/students-young-professionals.jsp,Various,,,,,,,,,,,,,,,,,,,
ABB Internship Program,Industrial Technology,Fall for summer program,Summer,Undergraduate/Graduate,https://careers.abb/global/en/students,Various,,,,,,,,,,,,,,,,,,,
Philips Internship Program,Healthcare Technology,Fall for summer program,Summer,Undergraduate/Graduate,https://www.careers.philips.com/student/global/en/internships-apprenticeship,Various,,,,,,,,,,,,,,,,,,,
Estée Lauder Companies Internship Program,Cosmetics,Fall for summer program,Summer,Undergraduate/Graduate,https://www.elcompanies.com/en/careers/students,New York,,,,,,,,,,,,,,,,,,,
Colgate-Palmolive Internship Program,Consumer Goods,Fall for summer program,Summer,Undergraduate/Graduate,https://jobs.colgate.com/students-and-recent-graduates,New York,,,,,,,,,,,,,,,,,,,
Kimberly-Clark Internship Program,Consumer Goods,Fall for summer program,Summer,Undergraduate/Graduate,https://careers.kimberly-clark.com/en/our-careers,Texas,,,,,,,,,,,,,,,,,,,
"Mars, Incorporated Internship Program",Food Processing,Fall for summer program,Summer,Undergraduate/Graduate,https://careers.mars.com/global/en/search-results,Various,,,,,,,,,,,,,,,,,,,
Nestlé USA Internship Program,Food and Beverage,Fall for summer program,Summer,Undergraduate/Graduate,https://www.nestlejobs.com/early-careers,Various,,,,,,,,,,,,,,,,,,,
Danone North America Internship Program,Food and Beverage,Fall for summer program,Summer,Undergraduate/Graduate,https://careers.danone.com/sea/en/students-and-graduates.html,Colorado,,,,,,,,,,,,,,,,,,,
Tyson Foods Internship Program,Food Processing,Fall for summer program,Summer,Undergraduate/Graduate,https://www.tysonfoods.com/careers,Arkansas,,,,,,,,,,,,,,,,,,,
Hormel Foods Internship Program,Food Processing,Fall for summer program,Summer,Undergraduate/Graduate,https://www.hormelfoods.com/careers/new-grads-university-recruiting/internship-opportunities/,Minnesota,,,,,,,,,,,,,,,,,,,
Campbell Soup Company Internship Program,Food Processing,Fall for summer program,Summer,Undergraduate/Graduate,https://careers.campbellsoupcompany.com/students/,New Jersey,,,,,,,,,,,,,,,,,,,
Hershey Company Internship Program,Food Processing,Fall for summer program,Summer,Undergraduate/Graduate,https://careers.thehersheycompany.com/go,Pennsylvania,,,,,,,,,,,,,,,,,,,
McCormick & Company Internship Program,Food Processing,Fall for summer program,Summer,Undergraduate/Graduate,https://careers.mccormick.com/go,Maryland,,,,,,,,,,,,,,,,,,,
Ralph Lauren Corporation Internship Program,Fashion,Fall for summer program,Summer,Undergraduate/Graduate,https://careers.ralphlauren.com/,New York,,,,,,,,,,,,,,,,,,,
VF Corporation Internship Program,Apparel,Fall for summer program,Summer,Undergraduate/Graduate,https://www.vfc.com/careers,Colorado,,,,,,,,,,,,,,,,,,,
PVH Corp. Internship Program,Apparel,Fall for summer program,Summer,Undergraduate/Graduate,https://careers.pvh.com/internships,New York,,,,,,,,,,,,,,,,,,,
Levi Strauss & Co. Internship Program,Apparel,Fall for summer program,Summer,Undergraduate/Graduate,https://www.levistrauss.com/work-with-us/,California,,,,,,,,,,,,,,,,,,,
LVMH Internship Program,Luxury Goods,Fall for summer program,Summer,Undergraduate/Graduate,https://www.lvmh.com/join-us/our-job-offers,Various,,,,,,,,,,,,,,,,,,,
Tiffany & Co. Internship Program,Luxury Goods,Fall for summer program,Summer,Undergraduate/Graduate,https://www.tiffanycareers.com/#en/sites/CX,New York,,,,,,,,,,,,,,,,,,,
Swarovski Internship Program,Luxury Goods,Fall for summer program,Summer,Undergraduate/Graduate,https://www.swarovski.com/en-US/s-careers/,Various,,,,,,,,,,,,,,,,,,,
Mattel Internship Program,Toys,Fall for summer program,Summer,Undergraduate/Graduate,https://corporate.mattel.com/careers/internships,California,,,,,,,,,,,,,,,,,,,
Hasbro Internship Program,Toys,Fall for summer program,Summer,Undergraduate/Graduate,https://jobs.hasbro.com/students,Rhode Island,,,,,,,,,,,,,,,,,,,
Lego Group Internship Program,Toys,Fall for summer program,Summer,Undergraduate/Graduate,https://www.lego.com/en-us/careers/job-areas,Connecticut,,,,,,,,,,,,,,,,,,,
Spotify Internship Program,Music Streaming,Fall for summer program,Summer,Undergraduate/Graduate,https://www.spotifyjobs.com/students/,New York,,,,,,,,,,,,,,,,,,,
SoundCloud Internship Program,Music Streaming,Fall for summer program,Summer,Undergraduate/Graduate,https://soundcloud.com/jobs,Various,,,,,,,,,,,,,,,,,,,
iHeartMedia Internship Program,Media,Fall for summer program,Summer,Undergraduate/Graduate,https://jobs.iheart.com/internships,Various,,,,,,,,,,,,,,,,,,,
Live Nation Entertainment Internship Program,Entertainment,Fall for summer program,Summer,Undergraduate/Graduate,https://www.livenationentertainment.com/work-at-ln/,Various,,,,,,,,,,,,,,,,,,,
Sony Music Entertainment Internship Program,Music,Fall for summer program,Summer,Undergraduate/Graduate,https://www.sonymusic.com/careers/,Various,,,,,,,,,,,,,,,,,,,
Universal Music Group Internship Program,Music,Fall for summer program,Summer,Undergraduate/Graduate,https://www.umusiccareers.com/earlycareerprograms,Various,,,,,,,,,,,,,,,,,,,
Warner Music Group Internship Program,Music,Fall for summer program,Summer,Undergraduate/Graduate,https://www.wmg.com/emerging-talent,Various,,,,,,,,,,,,,,,,,,,
Ubisoft Internship Program,Gaming,Fall for summer program,Summer,Undergraduate/Graduate,https://jobs.ubisoft.com/en-US/students,Various,,,,,,,,,,,,,,,,,,,
Take-Two Interactive Internship Program,Gaming,Fall for summer program,Summer,Undergraduate/Graduate,https://careers.take2games.com/internships,Various,,,,,,,,,,,,,,,,,,,
Square Enix Internship Program,Gaming,Fall for summer program,Summer,Undergraduate/Graduate,https://apply.workable.com/square-enix/,Various,,,,,,,,,,,,,,,,,,,
Bandai Namco Entertainment Internship Program,Gaming,Fall for summer program,Summer,Undergraduate/Graduate,https://www.bandainamcoent.com/careers,California,,,,,,,,,,,,,,,,,,,
Blizzard Entertainment Internship Program,Gaming,Fall for summer program,Summer,Undergraduate/Graduate,https://careers.blizzard.com/global/en/c/internships-jobs,California,,,,,,,,,,,,,,,,,,,
Nintendo of America Internship Program,Gaming,Fall for summer program,Summer,Undergraduate/Graduate,https://careers.nintendo.com/job-openings/?loc=all?cat=Internship,Washington,,,,,,,,,,,,,,,,,,,
Sega of America Internship Program,Gaming,Fall for summer program,Summer,Undergraduate/Graduate,https://careers.sega.co.uk/,California,,,,,,,,,,,,,,,,,,,
Overstock.com Internship Program,E-commerce,Fall for summer program,Summer,Undergraduate/Graduate,https://corporate.beyond.com/corporate/careers,Utah,,,,,,,,,,,,,,,,,,,
Wix Internship Program,Website Building,Fall for summer program,Summer,Undergraduate/Graduate,https://www.wix.com/jobs/students,Various,,,,,,,,,,,,,,,,,,,
GoDaddy Internship Program,Web Hosting,Fall for summer program,Summer,Undergraduate/Graduate,https://careers.godaddy/university,Arizona,,,,,,,,,,,,,,,,,,,
Symantec Internship Program,Cybersecurity,Fall for summer program,Summer,Undergraduate/Graduate,https://www.broadcom.com/company/careers,California,,,,,,,,,,,,,,,,,,,
McAfee Internship Program,Cybersecurity,Fall for summer program,Summer,Undergraduate/Graduate,https://careers.mcafee.com/students,Various,,,,,,,,,,,,,,,,,,,
Fortinet Internship Program,Cybersecurity,Fall for summer program,Summer,Undergraduate/Graduate,https://www.fortinet.com/corporate/careers/early-talent-program,California,,,,,,,,,,,,,,,,,,,
CrowdStrike Internship Program,Cybersecurity,Fall for summer program,Summer,Undergraduate/Graduate,https://www.crowdstrike.com/careers/university-interns/,California,,,,,,,,,,,,,,,,,,,
Evernote Internship Program,Productivity Software,Fall for summer program,Summer,Undergraduate/Graduate,https://evernote.com/careers,California,,,,,,,,,,,,,,,,,,,
Trello Internship Program,Project Management,Fall for summer program,Summer,Undergraduate/Graduate,https://www.atlassian.com/company/careers/students,Various,,,,,,,,,,,,,,,,,,,
Monday.com Internship Program,Project Management,Fall for summer program,Summer,Undergraduate/Graduate,https://monday.com/careers/,Various,,,,,,,,,,,,,,,,,,,
Tableau Internship Program,Data Visualization,Fall for summer program,Summer,Undergraduate/Graduate,https://careers.salesforce.com/en/jobs/?search=tableau&pagesize=20,Washington,,,,,,,,,,,,,,,,,,,
Alteryx Internship Program,Data Science,Fall for summer program,Summer,Undergraduate/Graduate,https://www.alteryx.com/about-us/careers,California,,,,,,,,,,,,,,,,,,,
SAS Internship Program,Analytics Software,Fall for summer program,Summer,Undergraduate/Graduate,https://www.sas.com/en_us/careers/students-and-graduates/internships-and-fellowships.html,North Carolina,,,,,,,,,,,,,,,,,,,
Typeform Internship Program,Online Forms,Fall for summer program,Summer,Undergraduate/Graduate,https://www.typeform.com/careers/,Various,,,,,,,,,,,,,,,,,,,
SendGrid Internship Program,Email API,Fall for summer program,Summer,Undergraduate/Graduate,https://sendgrid.com/careers/,Colorado,,,,,,,,,,,,,,,,,,,
Pixar Internship Program,"Animation, Computer Graphics",Fall for summer program,Summer,Undergraduate/Graduate,https://www.pixar.com/internships,California,,,,,,,,,,,,,,,,,,,
National Park Service Internships,"Conservation, Environmental Science",Various,Various,High School to Graduate,https://www.nps.gov/subjects/youthprograms/jobs-and-internships.htm,Various,,,,,,,,,,,,,,,,,,,
Smithsonian Environmental Research Center Internships,"Environmental Science, Ecology",Various,Various,Undergraduate/Graduate,https://serc.si.edu/internships,Maryland,,,,,,,,,,,,,,,,,,,
United Nations Internship Programme,"International Relations, Various",Various,Various,Graduate Students,https://careers.un.org/lbw/home.aspx?viewtype=IP,New York (and international locations),,,,,,,,,,,,,,,,,,,
The Volvo Group Internship Program,"Automotive Engineering, Business",Fall for summer program,Summer,Undergraduate/Graduate,https://www.volvogroup.com/en/careers/students-and-graduates.html,Various,,,,,,,,,,,,,,,,,,,
,,,,,,,,,,,,,,,,,,,,,,,,,
"note: If a link doesn't lead directly to the program, it may have been moved or discontinued. In such cases:
1. Look for a 'Careers' or 'Jobs' tab on the company's website, or
2. Search ""[Company name] + internships"" or ""[Company name] + careers"" on Google.",,,,,,,,,,,,,,,,,,,,,,,,,
,,,,,,,,,,,,,,,,,,,,,,,,,
,,,,,,,,,,,,,,,,,,,,,,,,,
,,,,,,,,,,,,,,,,,,,,,,,,,
,,,,,,,,,,,,,,,,,,,,,,,,,
,,,,,,,,,,,,,,,,,,,,,,,,,
,,,,,,,,,,,,,,,,,,,,,,,,,
,,,,,,,,,,,,,,,,,,,,,,,,,
,,,,,,,,,,,,,,,,,,,,,,,,,
,,,,,,,,,,,,,,,,,,,,,,,,,
,,,,,,,,,,,,,,,,,,,,,,,,,
,,,,,,,,,,,,,,,,,,,,,,,,,
,,,,,,,,,,,,,,,,,,,,,,,,,
,,,,,,,,,,,,,,,,,,,,,,,,,
,,,,,,,,,,,,,,,,,,,,,,,,,
,,,,,,,,,,,,,,,,,,,,,,,,,
,,,,,,,,,,,,,,,,,,,,,,,,,
,,,,,,,,,,,,,,,,,,,,,,,,,
,,,,,,,,,,,,,,,,,,,,,,,,,
,,,,,,,,,,,,,,,,,,,,,,,,,
,,,,,,,,,,,,,,,,,,,,,,,,,
,,,,,,,,,,,,,,,,,,,,,,,,,
,,,,,,,,,,,,,,,,,,,,,,,,,
,,,,,,,,,,,,,,,,,,,,,,,,,
,,,,,,,,,,,,,,,,,,,,,,,,,
,,,,,,,,,,,,,,,,,,,,,,,,,
,,,,,,,,,,,,,,,,,,,,,,,,,
,,,,,,,,,,,,,,,,,,,,,,,,,
,,,,,,,,,,,,,,,,,,,,,,,,,
,,,,,,,,,,,,,,,,,,,,,,,,,
,,,,,,,,,,,,,,,,,,,,,,,,,
,,,,,,,,,,,,,,,,,,,,,,,,,
,,,,,,,,,,,,,,,,,,,,,,,,,
,,,,,,,,,,,,,,,,,,,,,,,,,
,,,,,,,,,,,,,,,,,,,,,,,,,
,,,,,,,,,,,,,,,,,,,,,,,,,
,,,,,,,,,,,,,,,,,,,,,,,,,
,,,,,,,,,,,,,,,,,,,,,,,,,
,,,,,,,,,,,,,,,,,,,,,,,,,
,,,,,,,,,,,,,,,,,,,,,,,,,
,,,,,,,,,,,,,,,,,,,,,,,,,
,,,,,,,,,,,,,,,,,,,,,,,,,
,,,,,,,,,,,,,,,,,,,,,,,,,
,,,,,,,,,,,,,,,,,,,,,,,,,
,,,,,,,,,,,,,,,,,,,,,,,,,
,,,,,,,,,,,,,,,,,,,,,,,,,
,,,,,,,,,,,,,,,,,,,,,,,,,
,,,,,,,,,,,,,,,,,,,,,,,,,
,,,,,,,,,,,,,,,,,,,,,,,,,
,,,,,,,,,,,,,,,,,,,,,,,,,
,,,,,,,,,,,,,,,,,,,,,,,,,
,,,,,,,,,,,,,,,,,,,,,,,,,
,,,,,,,,,,,,,,,,,,,,,,,,,
,,,,,,,,,,,,,,,,,,,,,,,,,
,,,,,,,,,,,,,,,,,,,,,,,,,
,,,,,,,,,,,,,,,,,,,,,,,,,
,,,,,,,,,,,,,,,,,,,,,,,,,
,,,,,,,,,,,,,,,,,,,,,,,,,
,,,,,,,,,,,,,,,,,,,,,,,,,
,,,,,,,,,,,,,,,,,,,,,,,,,
,,,,,,,,,,,,,,,,,,,,,,,,,
,,,,,,,,,,,,,,,,,,,,,,,,,
,,,,,,,,,,,,,,,,,,,,,,,,,
,,,,,,,,,,,,,,,,,,,,,,,,,
,,,,,,,,,,,,,,,,,,,,,,,,,
,,,,,,,,,,,,,,,,,,,,,,,,,
,,,,,,,,,,,,,,,,,,,,,,,,,
,,,,,,,,,,,,,,,,,,,,,,,,,
,,,,,,,,,,,,,,,,,,,,,,,,,
,,,,,,,,,,,,,,,,,,,,,,,,,
,,,,,,,,,,,,,,,,,,,,,,,,,
,,,,,,,,,,,,,,,,,,,,,,,,,
,,,,,,,,,,,,,,,,,,,,,,,,,
,,,,,,,,,,,,,,,,,,,,,,,,,
,,,,,,,,,,,,,,,,,,,,,,,,,
,,,,,,,,,,,,,,,,,,,,,,,,,
,,,,,,,,,,,,,,,,,,,,,,,,,
,,,,,,,,,,,,,,,,,,,,,,,,,
,,,,,,,,,,,,,,,,,,,,,,,,,
,,,,,,,,,,,,,,,,,,,,,,,,,
,,,,,,,,,,,,,,,,,,,,,,,,,
,,,,,,,,,,,,,,,,,,,,,,,,,
,,,,,,,,,,,,,,,,,,,,,,,,,
,,,,,,,,,,,,,,,,,,,,,,,,,
,,,,,,,,,,,,,,,,,,,,,,,,,
,,,,,,,,,,,,,,,,,,,,,,,,,
,,,,,,,,,,,,,,,,,,,,,,,,,
,,,,,,,,,,,,,,,,,,,,,,,,,
,,,,,,,,,,,,,,,,,,,,,,,,,
,,,,,,,,,,,,,,,,,,,,,,,,,
,,,,,,,,,,,,,,,,,,,,,,,,,
,,,,,,,,,,,,,,,,,,,,,,,,,
,,,,,,,,,,,,,,,,,,,,,,,,,
,,,,,,,,,,,,,,,,,,,,,,,,,
,,,,,,,,,,,,,,,,,,,,,,,,,
,,,,,,,,,,,,,,,,,,,,,,,,,
,,,,,,,,,,,,,,,,,,,,,,,,,
,,,,,,,,,,,,,,,,,,,,,,,,,
,,,,,,,,,,,,,,,,,,,,,,,,,
,,,,,,,,,,,,,,,,,,,,,,,,,
,,,,,,,,,,,,,,,,,,,,,,,,,
,,,,,,,,,,,,,,,,,,,,,,,,,
,,,,,,,,,,,,,,,,,,,,,,,,,
,,,,,,,,,,,,,,,,,,,,,,,,,
,,,,,,,,,,,,,,,,,,,,,,,,,
,,,,,,,,,,,,,,,,,,,,,,,,,
,,,,,,,,,,,,,,,,,,,,,,,,,
,,,,,,,,,,,,,,,,,,,,,,,,,
,,,,,,,,,,,,,,,,,,,,,,,,,
,,,,,,,,,,,,,,,,,,,,,,,,,
,,,,,,,,,,,,,,,,,,,,,,,,,
,,,,,,,,,,,,,,,,,,,,,,,,,
,,,,,,,,,,,,,,,,,,,,,,,,,
,,,,,,,,,,,,,,,,,,,,,,,,,
,,,,,,,,,,,,,,,,,,,,,,,,,
,,,,,,,,,,,,,,,,,,,,,,,,,
,,,,,,,,,,,,,,,,,,,,,,,,,
,,,,,,,,,,,,,,,,,,,,,,,,,
,,,,,,,,,,,,,,,,,,,,,,,,,
,,,,,,,,,,,,,,,,,,,,,,,,,
,,,,,,,,,,,,,,,,,,,,,,,,,
,,,,,,,,,,,,,,,,,,,,,,,,,
,,,,,,,,,,,,,,,,,,,,,,,,,
,,,,,,,,,,,,,,,,,,,,,,,,,
,,,,,,,,,,,,,,,,,,,,,,,,,
,,,,,,,,,,,,,,,,,,,,,,,,,
,,,,,,,,,,,,,,,,,,,,,,,,,
,,,,,,,,,,,,,,,,,,,,,,,,,
,,,,,,,,,,,,,,,,,,,,,,,,,
,,,,,,,,,,,,,,,,,,,,,,,,,
,,,,,,,,,,,,,,,,,,,,,,,,,
,,,,,,,,,,,,,,,,,,,,,,,,,
,,,,,,,,,,,,,,,,,,,,,,,,,
,,,,,,,,,,,,,,,,,,,,,,,,,
,,,,,,,,,,,,,,,,,,,,,,,,,
,,,,,,,,,,,,,,,,,,,,,,,,,
,,,,,,,,,,,,,,,,,,,,,,,,,
,,,,,,,,,,,,,,,,,,,,,,,,,
,,,,,,,,,,,,,,,,,,,,,,,,,
,,,,,,,,,,,,,,,,,,,,,,,,,
,,,,,,,,,,,,,,,,,,,,,,,,,
,,,,,,,,,,,,,,,,,,,,,,,,,
,,,,,,,,,,,,,,,,,,,,,,,,,
,,,,,,,,,,,,,,,,,,,,,,,,,
,,,,,,,,,,,,,,,,,,,,,,,,,
,,,,,,,,,,,,,,,,,,,,,,,,,
,,,,,,,,,,,,,,,,,,,,,,,,,
,,,,,,,,,,,,,,,,,,,,,,,,,
,,,,,,,,,,,,,,,,,,,,,,,,,
,,,,,,,,,,,,,,,,,,,,,,,,,
,,,,,,,,,,,,,,,,,,,,,,,,,
,,,,,,,,,,,,,,,,,,,,,,,,,
,,,,,,,,,,,,,,,,,,,,,,,,,
,,,,,,,,,,,,,,,,,,,,,,,,,
,,,,,,,,,,,,,,,,,,,,,,,,,
,,,,,,,,,,,,,,,,,,,,,,,,,
,,,,,,,,,,,,,,,,,,,,,,,,,
,,,,,,,,,,,,,,,,,,,,,,,,,
,,,,,,,,,,,,,,,,,,,,,,,,,
,,,,,,,,,,,,,,,,,,,,,,,,,
,,,,,,,,,,,,,,,,,,,,,,,,,
,,,,,,,,,,,,,,,,,,,,,,,,,
,,,,,,,,,,,,,,,,,,,,,,,,,
,,,,,,,,,,,,,,,,,,,,,,,,,
,,,,,,,,,,,,,,,,,,,,,,,,,
,,,,,,,,,,,,,,,,,,,,,,,,,
,,,,,,,,,,,,,,,,,,,,,,,,,
,,,,,,,,,,,,,,,,,,,,,,,,,
,,,,,,,,,,,,,,,,,,,,,,,,,
,,,,,,,,,,,,,,,,,,,,,,,,,
,,,,,,,,,,,,,,,,,,,,,,,,,
,,,,,,,,,,,,,,,,,,,,,,,,,
,,,,,,,,,,,,,,,,,,,,,,,,,
,,,,,,,,,,,,,,,,,,,,,,,,,
,,,,,,,,,,,,,,,,,,,,,,,,,
,,,,,,,,,,,,,,,,,,,,,,,,,
,,,,,,,,,,,,,,,,,,,,,,,,,
,,,,,,,,,,,,,,,,,,,,,,,,,
,,,,,,,,,,,,,,,,,,,,,,,,,
,,,,,,,,,,,,,,,,,,,,,,,,,
,,,,,,,,,,,,,,,,,,,,,,,,,
,,,,,,,,,,,,,,,,,,,,,,,,,
,,,,,,,,,,,,,,,,,,,,,,,,,
,,,,,,,,,,,,,,,,,,,,,,,,,
,,,,,,,,,,,,,,,,,,,,,,,,,
,,,,,,,,,,,,,,,,,,,,,,,,,
,,,,,,,,,,,,,,,,,,,,,,,,,
,,,,,,,,,,,,,,,,,,,,,,,,,
,,,,,,,,,,,,,,,,,,,,,,,,,
,,,,,,,,,,,,,,,,,,,,,,,,,
,,,,,,,,,,,,,,,,,,,,,,,,,
,,,,,,,,,,,,,,,,,,,,,,,,,
,,,,,,,,,,,,,,,,,,,,,,,,,
,,,,,,,,,,,,,,,,,,,,,,,,,
,,,,,,,,,,,,,,,,,,,,,,,,,
,,,,,,,,,,,,,,,,,,,,,,,,,
,,,,,,,,,,,,,,,,,,,,,,,,,
,,,,,,,,,,,,,,,,,,,,,,,,,
,,,,,,,,,,,,,,,,,,,,,,,,,
,,,,,,,,,,,,,,,,,,,,,,,,,
,,,,,,,,,,,,,,,,,,,,,,,,,
,,,,,,,,,,,,,,,,,,,,,,,,,
,,,,,,,,,,,,,,,,,,,,,,,,,
,,,,,,,,,,,,,,,,,,,,,,,,,
,,,,,,,,,,,,,,,,,,,,,,,,,
,,,,,,,,,,,,,,,,,,,,,,,,,
,,,,,,,,,,,,,,,,,,,,,,,,,
,,,,,,,,,,,,,,,,,,,,,,,,,
,,,,,,,,,,,,,,,,,,,,,,,,,
,,,,,,,,,,,,,,,,,,,,,,,,,
,,,,,,,,,,,,,,,,,,,,,,,,,
,,,,,,,,,,,,,,,,,,,,,,,,,
,,,,,,,,,,,,,,,,,,,,,,,,,
,,,,,,,,,,,,,,,,,,,,,,,,,
,,,,,,,,,,,,,,,,,,,,,,,,,
,,,,,,,,,,,,,,,,,,,,,,,,,
,,,,,,,,,,,,,,,,,,,,,,,,,
,,,,,,,,,,,,,,,,,,,,,,,,,
,,,,,,,,,,,,,,,,,,,,,,,,,
,,,,,,,,,,,,,,,,,,,,,,,,,
,,,,,,,,,,,,,,,,,,,,,,,,,
,,,,,,,,,,,,,,,,,,,,,,,,,
,,,,,,,,,,,,,,,,,,,,,,,,,
,,,,,,,,,,,,,,,,,,,,,,,,,
,,,,,,,,,,,,,,,,,,,,,,,,,
,,,,,,,,,,,,,,,,,,,,,,,,,
,,,,,,,,,,,,,,,,,,,,,,,,,
,,,,,,,,,,,,,,,,,,,,,,,,,
,,,,,,,,,,,,,,,,,,,,,,,,,
,,,,,,,,,,,,,,,,,,,,,,,,,
,,,,,,,,,,,,,,,,,,,,,,,,,
,,,,,,,,,,,,,,,,,,,,,,,,,
,,,,,,,,,,,,,,,,,,,,,,,,,
,,,,,,,,,,,,,,,,,,,,,,,,,
,,,,,,,,,,,,,,,,,,,,,,,,,
,,,,,,,,,,,,,,,,,,,,,,,,,
,,,,,,,,,,,,,,,,,,,,,,,,,
,,,,,,,,,,,,,,,,,,,,,,,,,
,,,,,,,,,,,,,,,,,,,,,,,,,
,,,,,,,,,,,,,,,,,,,,,,,,,
,,,,,,,,,,,,,,,,,,,,,,,,,
,,,,,,,,,,,,,,,,,,,,,,,,,
,,,,,,,,,,,,,,,,,,,,,,,,,
,,,,,,,,,,,,,,,,,,,,,,,,,
,,,,,,,,,,,,,,,,,,,,,,,,,
,,,,,,,,,,,,,,,,,,,,,,,,,
,,,,,,,,,,,,,,,,,,,,,,,,,
,,,,,,,,,,,,,,,,,,,,,,,,,
,,,,,,,,,,,,,,,,,,,,,,,,,
,,,,,,,,,,,,,,,,,,,,,,,,,
,,,,,,,,,,,,,,,,,,,,,,,,,
,,,,,,,,,,,,,,,,,,,,,,,,,
,,,,,,,,,,,,,,,,,,,,,,,,,
,,,,,,,,,,,,,,,,,,,,,,,,,
,,,,,,,,,,,,,,,,,,,,,,,,,
,,,,,,,,,,,,,,,,,,,,,,,,,
,,,,,,,,,,,,,,,,,,,,,,,,,
,,,,,,,,,,,,,,,,,,,,,,,,,
,,,,,,,,,,,,,,,,,,,,,,,,,
,,,,,,,,,,,,,,,,,,,,,,,,,
,,,,,,,,,,,,,,,,,,,,,,,,,
,,,,,,,,,,,,,,,,,,,,,,,,,
,,,,,,,,,,,,,,,,,,,,,,,,,
,,,,,,,,,,,,,,,,,,,,,,,,,
,,,,,,,,,,,,,,,,,,,,,,,,,
,,,,,,,,,,,,,,,,,,,,,,,,,
,,,,,,,,,,,,,,,,,,,,,,,,,
,,,,,,,,,,,,,,,,,,,,,,,,,
,,,,,,,,,,,,,,,,,,,,,,,,,
,,,,,,,,,,,,,,,,,,,,,,,,,
,,,,,,,,,,,,,,,,,,,,,,,,,
,,,,,,,,,,,,,,,,,,,,,,,,,
,,,,,,,,,,,,,,,,,,,,,,,,,
,,,,,,,,,,,,,,,,,,,,,,,,,
,,,,,,,,,,,,,,,,,,,,,,,,,
,,,,,,,,,,,,,,,,,,,,,,,,,
,,,,,,,,,,,,,,,,,,,,,,,,,
,,,,,,,,,,,,,,,,,,,,,,,,,
,,,,,,,,,,,,,,,,,,,,,,,,,
,,,,,,,,,,,,,,,,,,,,,,,,,
,,,,,,,,,,,,,,,,,,,,,,,,,
,,,,,,,,,,,,,,,,,,,,,,,,,
,,,,,,,,,,,,,,,,,,,,,,,,,
,,,,,,,,,,,,,,,,,,,,,,,,,
,,,,,,,,,,,,,,,,,,,,,,,,,
,,,,,,,,,,,,,,,,,,,,,,,,,
,,,,,,,,,,,,,,,,,,,,,,,,,
,,,,,,,,,,,,,,,,,,,,,,,,,
,,,,,,,,,,,,,,,,,,,,,,,,,
,,,,,,,,,,,,,,,,,,,,,,,,,
,,,,,,,,,,,,,,,,,,,,,,,,,
,,,,,,,,,,,,,,,,,,,,,,,,,
,,,,,,,,,,,,,,,,,,,,,,,,,
,,,,,,,,,,,,,,,,,,,,,,,,,
,,,,,,,,,,,,,,,,,,,,,,,,,
,,,,,,,,,,,,,,,,,,,,,,,,,
,,,,,,,,,,,,,,,,,,,,,,,,,
,,,,,,,,,,,,,,,,,,,,,,,,,
,,,,,,,,,,,,,,,,,,,,,,,,,
,,,,,,,,,,,,,,,,,,,,,,,,,
,,,,,,,,,,,,,,,,,,,,,,,,,
,,,,,,,,,,,,,,,,,,,,,,,,,
,,,,,,,,,,,,,,,,,,,,,,,,,
,,,,,,,,,,,,,,,,,,,,,,,,,
,,,,,,,,,,,,,,,,,,,,,,,,,
,,,,,,,,,,,,,,,,,,,,,,,,,
,,,,,,,,,,,,,,,,,,,,,,,,,
,,,,,,,,,,,,,,,,,,,,,,,,,
,,,,,,,,,,,,,,,,,,,,,,,,,
,,,,,,,,,,,,,,,,,,,,,,,,,
,,,,,,,,,,,,,,,,,,,,,,,,,
,,,,,,,,,,,,,,,,,,,,,,,,,
,,,,,,,,,,,,,,,,,,,,,,,,,
,,,,,,,,,,,,,,,,,,,,,,,,,
,,,,,,,,,,,,,,,,,,,,,,,,,
,,,,,,,,,,,,,,,,,,,,,,,,,
,,,,,,,,,,,,,,,,,,,,,,,,,
,,,,,,,,,,,,,,,,,,,,,,,,,
,,,,,,,,,,,,,,,,,,,,,,,,,
,,,,,,,,,,,,,,,,,,,,,,,,,
,,,,,,,,,,,,,,,,,,,,,,,,,
,,,,,,,,,,,,,,,,,,,,,,,,,
,,,,,,,,,,,,,,,,,,,,,,,,,
,,,,,,,,,,,,,,,,,,,,,,,,,
,,,,,,,,,,,,,,,,,,,,,,,,,
,,,,,,,,,,,,,,,,,,,,,,,,,
,,,,,,,,,,,,,,,,,,,,,,,,,
,,,,,,,,,,,,,,,,,,,,,,,,,
,,,,,,,,,,,,,,,,,,,,,,,,,
,,,,,,,,,,,,,,,,,,,,,,,,,
,,,,,,,,,,,,,,,,,,,,,,,,,
,,,,,,,,,,,,,,,,,,,,,,,,,
,,,,,,,,,,,,,,,,,,,,,,,,,
,,,,,,,,,,,,,,,,,,,,,,,,,
,,,,,,,,,,,,,,,,,,,,,,,,,
,,,,,,,,,,,,,,,,,,,,,,,,,
,,,,,,,,,,,,,,,,,,,,,,,,,
,,,,,,,,,,,,,,,,,,,,,,,,,
,,,,,,,,,,,,,,,,,,,,,,,,,
,,,,,,,,,,,,,,,,,,,,,,,,,
,,,,,,,,,,,,,,,,,,,,,,,,,
,,,,,,,,,,,,,,,,,,,,,,,,,
,,,,,,,,,,,,,,,,,,,,,,,,,
,,,,,,,,,,,,,,,,,,,,,,,,,
,,,,,,,,,,,,,,,,,,,,,,,,,
,,,,,,,,,,,,,,,,,,,,,,,,,
,,,,,,,,,,,,,,,,,,,,,,,,,
,,,,,,,,,,,,,,,,,,,,,,,,,
,,,,,,,,,,,,,,,,,,,,,,,,,
,,,,,,,,,,,,,,,,,,,,,,,,,
,,,,,,,,,,,,,,,,,,,,,,,,,
,,,,,,,,,,,,,,,,,,,,,,,,,
,,,,,,,,,,,,,,,,,,,,,,,,,
,,,,,,,,,,,,,,,,,,,,,,,,,
,,,,,,,,,,,,,,,,,,,,,,,,,
,,,,,,,,,,,,,,,,,,,,,,,,,
,,,,,,,,,,,,,,,,,,,,,,,,,
,,,,,,,,,,,,,,,,,,,,,,,,,
,,,,,,,,,,,,,,,,,,,,,,,,,
,,,,,,,,,,,,,,,,,,,,,,,,,
,,,,,,,,,,,,,,,,,,,,,,,,,
,,,,,,,,,,,,,,,,,,,,,,,,,
,,,,,,,,,,,,,,,,,,,,,,,,,
,,,,,,,,,,,,,,,,,,,,,,,,,
,,,,,,,,,,,,,,,,,,,,,,,,,
,,,,,,,,,,,,,,,,,,,,,,,,,
,,,,,,,,,,,,,,,,,,,,,,,,,
,,,,,,,,,,,,,,,,,,,,,,,,,
,,,,,,,,,,,,,,,,,,,,,,,,,
,,,,,,,,,,,,,,,,,,,,,,,,,
,,,,,,,,,,,,,,,,,,,,,,,,,
,,,,,,,,,,,,,,,,,,,,,,,,,
,,,,,,,,,,,,,,,,,,,,,,,,,
,,,,,,,,,,,,,,,,,,,,,,,,,
,,,,,,,,,,,,,,,,,,,,,,,,,
,,,,,,,,,,,,,,,,,,,,,,,,,
,,,,,,,,,,,,,,,,,,,,,,,,,
,,,,,,,,,,,,,,,,,,,,,,,,,
,,,,,,,,,,,,,,,,,,,,,,,,,
,,,,,,,,,,,,,,,,,,,,,,,,,
,,,,,,,,,,,,,,,,,,,,,,,,,
,,,,,,,,,,,,,,,,,,,,,,,,,
,,,,,,,,,,,,,,,,,,,,,,,,,
,,,,,,,,,,,,,,,,,,,,,,,,,
,,,,,,,,,,,,,,,,,,,,,,,,,
,,,,,,,,,,,,,,,,,,,,,,,,,
,,,,,,,,,,,,,,,,,,,,,,,,,
,,,,,,,,,,,,,,,,,,,,,,,,,
,,,,,,,,,,,,,,,,,,,,,,,,,
,,,,,,,,,,,,,,,,,,,,,,,,,
,,,,,,,,,,,,,,,,,,,,,,,,,
,,,,,,,,,,,,,,,,,,,,,,,,,
,,,,,,,,,,,,,,,,,,,,,,,,,
,,,,,,,,,,,,,,,,,,,,,,,,,
,,,,,,,,,,,,,,,,,,,,,,,,,
,,,,,,,,,,,,,,,,,,,,,,,,,
,,,,,,,,,,,,,,,,,,,,,,,,,
,,,,,,,,,,,,,,,,,,,,,,,,,
,,,,,,,,,,,,,,,,,,,,,,,,,
,,,,,,,,,,,,,,,,,,,,,,,,,
,,,,,,,,,,,,,,,,,,,,,,,,,
,,,,,,,,,,,,,,,,,,,,,,,,,
,,,,,,,,,,,,,,,,,,,,,,,,,
,,,,,,,,,,,,,,,,,,,,,,,,,
,,,,,,,,,,,,,,,,,,,,,,,,,
,,,,,,,,,,,,,,,,,,,,,,,,,
,,,,,,,,,,,,,,,,,,,,,,,,,
,,,,,,,,,,,,,,,,,,,,,,,,,
,,,,,,,,,,,,,,,,,,,,,,,,,
,,,,,,,,,,,,,,,,,,,,,,,,,
,,,,,,,,,,,,,,,,,,,,,,,,,
,,,,,,,,,,,,,,,,,,,,,,,,,
,,,,,,,,,,,,,,,,,,,,,,,,,
,,,,,,,,,,,,,,,,,,,,,,,,,
,,,,,,,,,,,,,,,,,,,,,,,,,
,,,,,,,,,,,,,,,,,,,,,,,,,
,,,,,,,,,,,,,,,,,,,,,,,,,
,,,,,,,,,,,,,,,,,,,,,,,,,
,,,,,,,,,,,,,,,,,,,,,,,,,
,,,,,,,,,,,,,,,,,,,,,,,,,
,,,,,,,,,,,,,,,,,,,,,,,,,
,,,,,,,,,,,,,,,,,,,,,,,,,
,,,,,,,,,,,,,,,,,,,,,,,,,
,,,,,,,,,,,,,,,,,,,,,,,,,
,,,,,,,,,,,,,,,,,,,,,,,,,
,,,,,,,,,,,,,,,,,,,,,,,,,
,,,,,,,,,,,,,,,,,,,,,,,,,
,,,,,,,,,,,,,,,,,,,,,,,,,
,,,,,,,,,,,,,,,,,,,,,,,,,
,,,,,,,,,,,,,,,,,,,,,,,,,
,,,,,,,,,,,,,,,,,,,,,,,,,
,,,,,,,,,,,,,,,,,,,,,,,,,
,,,,,,,,,,,,,,,,,,,,,,,,,
,,,,,,,,,,,,,,,,,,,,,,,,,
,,,,,,,,,,,,,,,,,,,,,,,,,
,,,,,,,,,,,,,,,,,,,,,,,,,
,,,,,,,,,,,,,,,,,,,,,,,,,
,,,,,,,,,,,,,,,,,,,,,,,,,
,,,,,,,,,,,,,,,,,,,,,,,,,
,,,,,,,,,,,,,,,,,,,,,,,,,
,,,,,,,,,,,,,,,,,,,,,,,,,
,,,,,,,,,,,,,,,,,,,,,,,,,
,,,,,,,,,,,,,,,,,,,,,,,,,
,,,,,,,,,,,,,,,,,,,,,,,,,
,,,,,,,,,,,,,,,,,,,,,,,,,
,,,,,,,,,,,,,,,,,,,,,,,,,
,,,,,,,,,,,,,,,,,,,,,,,,,
,,,,,,,,,,,,,,,,,,,,,,,,,
,,,,,,,,,,,,,,,,,,,,,,,,,
,,,,,,,,,,,,,,,,,,,,,,,,,
,,,,,,,,,,,,,,,,,,,,,,,,,
,,,,,,,,,,,,,,,,,,,,,,,,,
,,,,,,,,,,,,,,,,,,,,,,,,,
,,,,,,,,,,,,,,,,,,,,,,,,,
,,,,,,,,,,,,,,,,,,,,,,,,,
,,,,,,,,,,,,,,,,,,,,,,,,,
,,,,,,,,,,,,,,,,,,,,,,,,,
,,,,,,,,,,,,,,,,,,,,,,,,,
,,,,,,,,,,,,,,,,,,,,,,,,,
,,,,,,,,,,,,,,,,,,,,,,,,,
,,,,,,,,,,,,,,,,,,,,,,,,,
,,,,,,,,,,,,,,,,,,,,,,,,,
,,,,,,,,,,,,,,,,,,,,,,,,,
,,,,,,,,,,,,,,,,,,,,,,,,,
,,,,,,,,,,,,,,,,,,,,,,,,,
,,,,,,,,,,,,,,,,,,,,,,,,,
,,,,,,,,,,,,,,,,,,,,,,,,,
,,,,,,,,,,,,,,,,,,,,,,,,,
,,,,,,,,,,,,,,,,,,,,,,,,,
,,,,,,,,,,,,,,,,,,,,,,,,,
,,,,,,,,,,,,,,,,,,,,,,,,,
,,,,,,,,,,,,,,,,,,,,,,,,,
,,,,,,,,,,,,,,,,,,,,,,,,,
,,,,,,,,,,,,,,,,,,,,,,,,,
,,,,,,,,,,,,,,,,,,,,,,,,,
,,,,,,,,,,,,,,,,,,,,,,,,,
,,,,,,,,,,,,,,,,,,,,,,,,,
,,,,,,,,,,,,,,,,,,,,,,,,,
,,,,,,,,,,,,,,,,,,,,,,,,,
,,,,,,,,,,,,,,,,,,,,,,,,,
,,,,,,,,,,,,,,,,,,,,,,,,,
,,,,,,,,,,,,,,,,,,,,,,,,,
,,,,,,,,,,,,,,,,,,,,,,,,,
,,,,,,,,,,,,,,,,,,,,,,,,,
,,,,,,,,,,,,,,,,,,,,,,,,,
